"VPNID","NumberOfLanguages","InputPortugueseSchool","PortugueseFather","PortugueseMother","PortugueseParents","EducationFather","EducationMother","EducationParents","LanguageGroup","BilingualControl","RegionalLanguage","Time","Result"
"A_PLF_1",2,50,6,6,12,2,1,3,"Bilingual group (French)","bilingual","French","T1",6
"A_PLF_1",2,50,6,6,12,2,1,3,"Bilingual group (French)","bilingual","French","T2",9
"A_PLF_1",2,50,6,6,12,2,1,3,"Bilingual group (French)","bilingual","French","T3",NA
"A_PLF_2",2,25,6,6,12,1,1,2,"Bilingual group (French)","bilingual","French","T1",8
"A_PLF_2",2,25,6,6,12,1,1,2,"Bilingual group (French)","bilingual","French","T2",7
"A_PLF_2",2,25,6,6,12,1,1,2,"Bilingual group (French)","bilingual","French","T3",10
"A_PLF_3",2,NA,6,6,12,1,1,2,"Bilingual group (French)","bilingual","French","T1",7
"A_PLF_3",2,NA,6,6,12,1,1,2,"Bilingual group (French)","bilingual","French","T2",6
"A_PLF_3",2,NA,6,6,12,1,1,2,"Bilingual group (French)","bilingual","French","T3",NA
"A_PLF_5",2,40,5,6,11,2,2,4,"Bilingual group (French)","bilingual","French","T1",7
"A_PLF_5",2,40,5,6,11,2,2,4,"Bilingual group (French)","bilingual","French","T2",8
"A_PLF_5",2,40,5,6,11,2,2,4,"Bilingual group (French)","bilingual","French","T3",8
"A_PLF_6",NA,NA,NA,NA,NA,NA,NA,NA,"Bilingual group (French)","bilingual","French","T1",6
"A_PLF_6",NA,NA,NA,NA,NA,NA,NA,NA,"Bilingual group (French)","bilingual","French","T2",6
"A_PLF_6",NA,NA,NA,NA,NA,NA,NA,NA,"Bilingual group (French)","bilingual","French","T3",NA
"A_PLF_7",2,50,6,6,12,2,2,4,"Bilingual group (French)","bilingual","French","T1",8
"A_PLF_7",2,50,6,6,12,2,2,4,"Bilingual group (French)","bilingual","French","T2",6
"A_PLF_7",2,50,6,6,12,2,2,4,"Bilingual group (French)","bilingual","French","T3",6
"A_PLF_8",2,20,6,6,12,2,2,4,"Bilingual group (French)","bilingual","French","T1",8
"A_PLF_8",2,20,6,6,12,2,2,4,"Bilingual group (French)","bilingual","French","T2",7
"A_PLF_8",2,20,6,6,12,2,2,4,"Bilingual group (French)","bilingual","French","T3",7
"A_PLF_9",2,20,6,6,12,1,1,2,"Bilingual group (French)","bilingual","French","T1",8
"A_PLF_9",2,20,6,6,12,1,1,2,"Bilingual group (French)","bilingual","French","T2",11
"A_PLF_9",2,20,6,6,12,1,1,2,"Bilingual group (French)","bilingual","French","T3",12
"A_PLF_10",2,10,6,6,12,2,2,4,"Bilingual group (French)","bilingual","French","T1",7
"A_PLF_10",2,10,6,6,12,2,2,4,"Bilingual group (French)","bilingual","French","T2",NA
"A_PLF_10",2,10,6,6,12,2,2,4,"Bilingual group (French)","bilingual","French","T3",8
"A_PLF_13",2,30,6,6,12,1,1,2,"Bilingual group (French)","bilingual","French","T1",8
"A_PLF_13",2,30,6,6,12,1,1,2,"Bilingual group (French)","bilingual","French","T2",NA
"A_PLF_13",2,30,6,6,12,1,1,2,"Bilingual group (French)","bilingual","French","T3",NA
"A_PLF_14",2,30,6,6,12,2,3,5,"Bilingual group (French)","bilingual","French","T1",7
"A_PLF_14",2,30,6,6,12,2,3,5,"Bilingual group (French)","bilingual","French","T2",9
"A_PLF_14",2,30,6,6,12,2,3,5,"Bilingual group (French)","bilingual","French","T3",7
"A_PLF_15",NA,NA,NA,NA,NA,NA,NA,NA,"Bilingual group (French)","bilingual","French","T1",8
"A_PLF_15",NA,NA,NA,NA,NA,NA,NA,NA,"Bilingual group (French)","bilingual","French","T2",6
"A_PLF_15",NA,NA,NA,NA,NA,NA,NA,NA,"Bilingual group (French)","bilingual","French","T3",10
"A_PLF_16",2,30,6,6,12,2,3,5,"Bilingual group (French)","bilingual","French","T1",7
"A_PLF_16",2,30,6,6,12,2,3,5,"Bilingual group (French)","bilingual","French","T2",11
"A_PLF_16",2,30,6,6,12,2,3,5,"Bilingual group (French)","bilingual","French","T3",9
"A_PLF_17",NA,NA,NA,NA,NA,NA,NA,NA,"Bilingual group (French)","bilingual","French","T1",8
"A_PLF_17",NA,NA,NA,NA,NA,NA,NA,NA,"Bilingual group (French)","bilingual","French","T2",10
"A_PLF_17",NA,NA,NA,NA,NA,NA,NA,NA,"Bilingual group (French)","bilingual","French","T3",8
"A_PLF_19",3,50,NA,6,NA,NA,1,NA,"Bilingual group (French)","bilingual","French","T1",9
"A_PLF_19",3,50,NA,6,NA,NA,1,NA,"Bilingual group (French)","bilingual","French","T2",5
"A_PLF_19",3,50,NA,6,NA,NA,1,NA,"Bilingual group (French)","bilingual","French","T3",9
"AA_PLF_1",NA,NA,NA,NA,NA,NA,NA,NA,"Bilingual group (French)","bilingual","French","T1",9
"AA_PLF_1",NA,NA,NA,NA,NA,NA,NA,NA,"Bilingual group (French)","bilingual","French","T2",NA
"AA_PLF_1",NA,NA,NA,NA,NA,NA,NA,NA,"Bilingual group (French)","bilingual","French","T3",NA
"AA_PLF_2",2,30,6,6,12,1,1,2,"Bilingual group (French)","bilingual","French","T1",10
"AA_PLF_2",2,30,6,6,12,1,1,2,"Bilingual group (French)","bilingual","French","T2",10
"AA_PLF_2",2,30,6,6,12,1,1,2,"Bilingual group (French)","bilingual","French","T3",13
"AA_PLF_3",2,30,6,5,11,2,1,3,"Bilingual group (French)","bilingual","French","T1",6
"AA_PLF_3",2,30,6,5,11,2,1,3,"Bilingual group (French)","bilingual","French","T2",7
"AA_PLF_3",2,30,6,5,11,2,1,3,"Bilingual group (French)","bilingual","French","T3",NA
"AA_PLF_4",NA,NA,NA,NA,NA,NA,NA,NA,"Bilingual group (French)","bilingual","French","T1",12
"AA_PLF_4",NA,NA,NA,NA,NA,NA,NA,NA,"Bilingual group (French)","bilingual","French","T2",9
"AA_PLF_4",NA,NA,NA,NA,NA,NA,NA,NA,"Bilingual group (French)","bilingual","French","T3",16
"AA_PLF_5",2,50,6,6,12,2,5,7,"Bilingual group (French)","bilingual","French","T1",9
"AA_PLF_5",2,50,6,6,12,2,5,7,"Bilingual group (French)","bilingual","French","T2",9
"AA_PLF_5",2,50,6,6,12,2,5,7,"Bilingual group (French)","bilingual","French","T3",14
"AA_PLF_6",2,20,6,6,12,1,1,2,"Bilingual group (French)","bilingual","French","T1",9
"AA_PLF_6",2,20,6,6,12,1,1,2,"Bilingual group (French)","bilingual","French","T2",6
"AA_PLF_6",2,20,6,6,12,1,1,2,"Bilingual group (French)","bilingual","French","T3",14
"AA_PLF_7",2,50,6,6,12,1,1,2,"Bilingual group (French)","bilingual","French","T1",8
"AA_PLF_7",2,50,6,6,12,1,1,2,"Bilingual group (French)","bilingual","French","T2",8
"AA_PLF_7",2,50,6,6,12,1,1,2,"Bilingual group (French)","bilingual","French","T3",8
"AA_PLF_8",2,50,6,6,12,5,5,10,"Bilingual group (French)","bilingual","French","T1",10
"AA_PLF_8",2,50,6,6,12,5,5,10,"Bilingual group (French)","bilingual","French","T2",8
"AA_PLF_8",2,50,6,6,12,5,5,10,"Bilingual group (French)","bilingual","French","T3",8
"AA_PLF_9",2,30,5,5,10,2,2,4,"Bilingual group (French)","bilingual","French","T1",8
"AA_PLF_9",2,30,5,5,10,2,2,4,"Bilingual group (French)","bilingual","French","T2",NA
"AA_PLF_9",2,30,5,5,10,2,2,4,"Bilingual group (French)","bilingual","French","T3",10
"AA_PLF_10",2,30,6,6,12,3,2,5,"Bilingual group (French)","bilingual","French","T1",8
"AA_PLF_10",2,30,6,6,12,3,2,5,"Bilingual group (French)","bilingual","French","T2",6
"AA_PLF_10",2,30,6,6,12,3,2,5,"Bilingual group (French)","bilingual","French","T3",10
"AA_PLF_11",NA,NA,NA,NA,NA,NA,NA,NA,"Bilingual group (French)","bilingual","French","T1",10
"AA_PLF_11",NA,NA,NA,NA,NA,NA,NA,NA,"Bilingual group (French)","bilingual","French","T2",5
"AA_PLF_11",NA,NA,NA,NA,NA,NA,NA,NA,"Bilingual group (French)","bilingual","French","T3",9
"AD_PLF_1",NA,NA,NA,NA,NA,NA,NA,NA,"Bilingual group (French)","bilingual","French","T1",8
"AD_PLF_1",NA,NA,NA,NA,NA,NA,NA,NA,"Bilingual group (French)","bilingual","French","T2",8
"AD_PLF_1",NA,NA,NA,NA,NA,NA,NA,NA,"Bilingual group (French)","bilingual","French","T3",NA
"AD_PLF_2",2,50,4,6,10,2,3,5,"Bilingual group (French)","bilingual","French","T1",8
"AD_PLF_2",2,50,4,6,10,2,3,5,"Bilingual group (French)","bilingual","French","T2",7
"AD_PLF_2",2,50,4,6,10,2,3,5,"Bilingual group (French)","bilingual","French","T3",11
"AD_PLF_4",2,50,6,6,12,1,1,2,"Bilingual group (French)","bilingual","French","T1",6
"AD_PLF_4",2,50,6,6,12,1,1,2,"Bilingual group (French)","bilingual","French","T2",8
"AD_PLF_4",2,50,6,6,12,1,1,2,"Bilingual group (French)","bilingual","French","T3",11
"AD_PLF_6",2,30,6,6,12,2,2,4,"Bilingual group (French)","bilingual","French","T1",4
"AD_PLF_6",2,30,6,6,12,2,2,4,"Bilingual group (French)","bilingual","French","T2",8
"AD_PLF_6",2,30,6,6,12,2,2,4,"Bilingual group (French)","bilingual","French","T3",8
"AD_PLF_8",2,30,6,6,12,1,4,5,"Bilingual group (French)","bilingual","French","T1",7
"AD_PLF_8",2,30,6,6,12,1,4,5,"Bilingual group (French)","bilingual","French","T2",7
"AD_PLF_8",2,30,6,6,12,1,4,5,"Bilingual group (French)","bilingual","French","T3",8
"AD_PLF_10",2,50,5,5,10,1,1,2,"Bilingual group (French)","bilingual","French","T1",7
"AD_PLF_10",2,50,5,5,10,1,1,2,"Bilingual group (French)","bilingual","French","T2",9
"AD_PLF_10",2,50,5,5,10,1,1,2,"Bilingual group (French)","bilingual","French","T3",9
"AD_PLF_11",2,50,6,6,12,2,3,5,"Bilingual group (French)","bilingual","French","T1",5
"AD_PLF_11",2,50,6,6,12,2,3,5,"Bilingual group (French)","bilingual","French","T2",5
"AD_PLF_11",2,50,6,6,12,2,3,5,"Bilingual group (French)","bilingual","French","T3",NA
"AD_PLF_13",2,50,6,6,12,2,2,4,"Bilingual group (French)","bilingual","French","T1",7
"AD_PLF_13",2,50,6,6,12,2,2,4,"Bilingual group (French)","bilingual","French","T2",NA
"AD_PLF_13",2,50,6,6,12,2,2,4,"Bilingual group (French)","bilingual","French","T3",9
"AD_PLF_15",2,50,6,6,12,NA,1,NA,"Bilingual group (French)","bilingual","French","T1",7
"AD_PLF_15",2,50,6,6,12,NA,1,NA,"Bilingual group (French)","bilingual","French","T2",8
"AD_PLF_15",2,50,6,6,12,NA,1,NA,"Bilingual group (French)","bilingual","French","T3",9
"AD_PLF_16",2,45,6,6,12,5,5,10,"Bilingual group (French)","bilingual","French","T1",8
"AD_PLF_16",2,45,6,6,12,5,5,10,"Bilingual group (French)","bilingual","French","T2",10
"AD_PLF_16",2,45,6,6,12,5,5,10,"Bilingual group (French)","bilingual","French","T3",11
"AD_PLF_17",2,0,6,6,12,5,5,10,"Bilingual group (French)","bilingual","French","T1",7
"AD_PLF_17",2,0,6,6,12,5,5,10,"Bilingual group (French)","bilingual","French","T2",9
"AD_PLF_17",2,0,6,6,12,5,5,10,"Bilingual group (French)","bilingual","French","T3",7
"AD_PLF_18",2,50,6,6,12,1,1,2,"Bilingual group (French)","bilingual","French","T1",8
"AD_PLF_18",2,50,6,6,12,1,1,2,"Bilingual group (French)","bilingual","French","T2",8
"AD_PLF_18",2,50,6,6,12,1,1,2,"Bilingual group (French)","bilingual","French","T3",9
"AD_PLF_20",2,50,6,6,12,2,4,6,"Bilingual group (French)","bilingual","French","T1",6
"AD_PLF_20",2,50,6,6,12,2,4,6,"Bilingual group (French)","bilingual","French","T2",9
"AD_PLF_20",2,50,6,6,12,2,4,6,"Bilingual group (French)","bilingual","French","T3",7
"AD_PLF_21",2,50,6,6,12,3,2,5,"Bilingual group (French)","bilingual","French","T1",8
"AD_PLF_21",2,50,6,6,12,3,2,5,"Bilingual group (French)","bilingual","French","T2",7
"AD_PLF_21",2,50,6,6,12,3,2,5,"Bilingual group (French)","bilingual","French","T3",11
"AD_PLF_22",2,50,4,4,8,4,4,8,"Bilingual group (French)","bilingual","French","T1",7
"AD_PLF_22",2,50,4,4,8,4,4,8,"Bilingual group (French)","bilingual","French","T2",10
"AD_PLF_22",2,50,4,4,8,4,4,8,"Bilingual group (French)","bilingual","French","T3",9
"AD_PLF_24",2,45,6,6,12,5,5,10,"Bilingual group (French)","bilingual","French","T1",4
"AD_PLF_24",2,45,6,6,12,5,5,10,"Bilingual group (French)","bilingual","French","T2",7
"AD_PLF_24",2,45,6,6,12,5,5,10,"Bilingual group (French)","bilingual","French","T3",8
"AD_PLF_25",2,50,6,6,12,3,3,6,"Bilingual group (French)","bilingual","French","T1",10
"AD_PLF_25",2,50,6,6,12,3,3,6,"Bilingual group (French)","bilingual","French","T2",8
"AD_PLF_25",2,50,6,6,12,3,3,6,"Bilingual group (French)","bilingual","French","T3",14
"AD_PLF_26",2,50,2,6,8,NA,2,NA,"Bilingual group (French)","bilingual","French","T1",9
"AD_PLF_26",2,50,2,6,8,NA,2,NA,"Bilingual group (French)","bilingual","French","T2",NA
"AD_PLF_26",2,50,2,6,8,NA,2,NA,"Bilingual group (French)","bilingual","French","T3",8
"AE_PLF_1",3,25,3,6,9,2,3,5,"Bilingual group (French)","bilingual","French","T1",3
"AE_PLF_1",3,25,3,6,9,2,3,5,"Bilingual group (French)","bilingual","French","T2",5
"AE_PLF_1",3,25,3,6,9,2,3,5,"Bilingual group (French)","bilingual","French","T3",6
"AE_PLF_2",2,50,5,5,10,2,2,4,"Bilingual group (French)","bilingual","French","T1",6
"AE_PLF_2",2,50,5,5,10,2,2,4,"Bilingual group (French)","bilingual","French","T2",6
"AE_PLF_2",2,50,5,5,10,2,2,4,"Bilingual group (French)","bilingual","French","T3",8
"AE_PLF_4",2,50,6,6,12,3,2,5,"Bilingual group (French)","bilingual","French","T1",9
"AE_PLF_4",2,50,6,6,12,3,2,5,"Bilingual group (French)","bilingual","French","T2",7
"AE_PLF_4",2,50,6,6,12,3,2,5,"Bilingual group (French)","bilingual","French","T3",NA
"AE_PLF_6",3,25,3,6,9,2,3,5,"Bilingual group (French)","bilingual","French","T1",6
"AE_PLF_6",3,25,3,6,9,2,3,5,"Bilingual group (French)","bilingual","French","T2",7
"AE_PLF_6",3,25,3,6,9,2,3,5,"Bilingual group (French)","bilingual","French","T3",7
"C_PLF_1",2,20,6,6,12,1,1,2,"Bilingual group (French)","bilingual","French","T1",12
"C_PLF_1",2,20,6,6,12,1,1,2,"Bilingual group (French)","bilingual","French","T2",15
"C_PLF_1",2,20,6,6,12,1,1,2,"Bilingual group (French)","bilingual","French","T3",18
"C_PLF_7",2,NA,3,3,6,1,1,2,"Bilingual group (French)","bilingual","French","T1",10
"C_PLF_7",2,NA,3,3,6,1,1,2,"Bilingual group (French)","bilingual","French","T2",NA
"C_PLF_7",2,NA,3,3,6,1,1,2,"Bilingual group (French)","bilingual","French","T3",11
"C_PLF_16",2,75,5,5,10,1,2,3,"Bilingual group (French)","bilingual","French","T1",13
"C_PLF_16",2,75,5,5,10,1,2,3,"Bilingual group (French)","bilingual","French","T2",16
"C_PLF_16",2,75,5,5,10,1,2,3,"Bilingual group (French)","bilingual","French","T3",17
"C_PLF_19",2,50,6,6,12,1,1,2,"Bilingual group (French)","bilingual","French","T1",13
"C_PLF_19",2,50,6,6,12,1,1,2,"Bilingual group (French)","bilingual","French","T2",12
"C_PLF_19",2,50,6,6,12,1,1,2,"Bilingual group (French)","bilingual","French","T3",11
"D_PLF_1",2,30,6,6,12,2,2,4,"Bilingual group (French)","bilingual","French","T1",7
"D_PLF_1",2,30,6,6,12,2,2,4,"Bilingual group (French)","bilingual","French","T2",9
"D_PLF_1",2,30,6,6,12,2,2,4,"Bilingual group (French)","bilingual","French","T3",12
"D_PLF_2",2,40,5,5,10,1,1,2,"Bilingual group (French)","bilingual","French","T1",9
"D_PLF_2",2,40,5,5,10,1,1,2,"Bilingual group (French)","bilingual","French","T2",10
"D_PLF_2",2,40,5,5,10,1,1,2,"Bilingual group (French)","bilingual","French","T3",13
"D_PLF_3",2,30,6,6,12,1,1,2,"Bilingual group (French)","bilingual","French","T1",10
"D_PLF_3",2,30,6,6,12,1,1,2,"Bilingual group (French)","bilingual","French","T2",9
"D_PLF_3",2,30,6,6,12,1,1,2,"Bilingual group (French)","bilingual","French","T3",11
"D_PLF_4",2,30,6,6,12,1,3,4,"Bilingual group (French)","bilingual","French","T1",8
"D_PLF_4",2,30,6,6,12,1,3,4,"Bilingual group (French)","bilingual","French","T2",10
"D_PLF_4",2,30,6,6,12,1,3,4,"Bilingual group (French)","bilingual","French","T3",13
"D_PLF_5",NA,NA,NA,NA,NA,NA,NA,NA,"Bilingual group (French)","bilingual","French","T1",8
"D_PLF_5",NA,NA,NA,NA,NA,NA,NA,NA,"Bilingual group (French)","bilingual","French","T2",6
"D_PLF_5",NA,NA,NA,NA,NA,NA,NA,NA,"Bilingual group (French)","bilingual","French","T3",6
"D_PLF_6",NA,NA,NA,NA,NA,NA,NA,NA,"Bilingual group (French)","bilingual","French","T1",7
"D_PLF_6",NA,NA,NA,NA,NA,NA,NA,NA,"Bilingual group (French)","bilingual","French","T2",8
"D_PLF_6",NA,NA,NA,NA,NA,NA,NA,NA,"Bilingual group (French)","bilingual","French","T3",NA
"Y_PNF_1",2,50,6,6,12,3,4,7,"Bilingual group (French)","bilingual","French","T1",8
"Y_PNF_1",2,50,6,6,12,3,4,7,"Bilingual group (French)","bilingual","French","T2",12
"Y_PNF_1",2,50,6,6,12,3,4,7,"Bilingual group (French)","bilingual","French","T3",7
"Y_PNF_2",2,50,5,5,10,3,2,5,"Bilingual group (French)","bilingual","French","T1",8
"Y_PNF_2",2,50,5,5,10,3,2,5,"Bilingual group (French)","bilingual","French","T2",14
"Y_PNF_2",2,50,5,5,10,3,2,5,"Bilingual group (French)","bilingual","French","T3",10
"Y_PNF_3",2,60,6,6,12,2,5,7,"Bilingual group (French)","bilingual","French","T1",13
"Y_PNF_3",2,60,6,6,12,2,5,7,"Bilingual group (French)","bilingual","French","T2",9
"Y_PNF_3",2,60,6,6,12,2,5,7,"Bilingual group (French)","bilingual","French","T3",11
"Y_PNF_6",2,NA,6,6,12,4,4,8,"Bilingual group (French)","bilingual","French","T1",7
"Y_PNF_6",2,NA,6,6,12,4,4,8,"Bilingual group (French)","bilingual","French","T2",6
"Y_PNF_6",2,NA,6,6,12,4,4,8,"Bilingual group (French)","bilingual","French","T3",7
"Y_PNF_7",3,NA,6,6,12,4,4,8,"Bilingual group (French)","bilingual","French","T1",10
"Y_PNF_7",3,NA,6,6,12,4,4,8,"Bilingual group (French)","bilingual","French","T2",9
"Y_PNF_7",3,NA,6,6,12,4,4,8,"Bilingual group (French)","bilingual","French","T3",8
"Y_PNF_8",NA,NA,NA,NA,NA,NA,NA,NA,"Bilingual group (French)","bilingual","French","T1",5
"Y_PNF_8",NA,NA,NA,NA,NA,NA,NA,NA,"Bilingual group (French)","bilingual","French","T2",7
"Y_PNF_8",NA,NA,NA,NA,NA,NA,NA,NA,"Bilingual group (French)","bilingual","French","T3",8
"Y_PNF_10",2,20,0,6,6,4,4,8,"Bilingual group (French)","bilingual","French","T1",7
"Y_PNF_10",2,20,0,6,6,4,4,8,"Bilingual group (French)","bilingual","French","T2",NA
"Y_PNF_10",2,20,0,6,6,4,4,8,"Bilingual group (French)","bilingual","French","T3",13
"Y_PNF_12",NA,NA,NA,NA,NA,NA,NA,NA,"Bilingual group (French)","bilingual","French","T1",9
"Y_PNF_12",NA,NA,NA,NA,NA,NA,NA,NA,"Bilingual group (French)","bilingual","French","T2",8
"Y_PNF_12",NA,NA,NA,NA,NA,NA,NA,NA,"Bilingual group (French)","bilingual","French","T3",10
"Y_PNF_13",2,100,6,6,12,2,2,4,"Bilingual group (French)","bilingual","French","T1",8
"Y_PNF_13",2,100,6,6,12,2,2,4,"Bilingual group (French)","bilingual","French","T2",NA
"Y_PNF_13",2,100,6,6,12,2,2,4,"Bilingual group (French)","bilingual","French","T3",9
"Y_PNF_14",2,40,0,6,6,4,3,7,"Bilingual group (French)","bilingual","French","T1",10
"Y_PNF_14",2,40,0,6,6,4,3,7,"Bilingual group (French)","bilingual","French","T2",NA
"Y_PNF_14",2,40,0,6,6,4,3,7,"Bilingual group (French)","bilingual","French","T3",7
"Y_PNF_15",3,20,6,5,11,5,3,8,"Bilingual group (French)","bilingual","French","T1",6
"Y_PNF_15",3,20,6,5,11,5,3,8,"Bilingual group (French)","bilingual","French","T2",NA
"Y_PNF_15",3,20,6,5,11,5,3,8,"Bilingual group (French)","bilingual","French","T3",9
"Y_PNF_16",2,50,6,6,12,1,4,5,"Bilingual group (French)","bilingual","French","T1",7
"Y_PNF_16",2,50,6,6,12,1,4,5,"Bilingual group (French)","bilingual","French","T2",12
"Y_PNF_16",2,50,6,6,12,1,4,5,"Bilingual group (French)","bilingual","French","T3",3
"Y_PNF_17",2,50,6,6,12,1,2,3,"Bilingual group (French)","bilingual","French","T1",9
"Y_PNF_17",2,50,6,6,12,1,2,3,"Bilingual group (French)","bilingual","French","T2",8
"Y_PNF_17",2,50,6,6,12,1,2,3,"Bilingual group (French)","bilingual","French","T3",12
"Y_PNF_19",NA,NA,NA,NA,NA,NA,NA,NA,"Bilingual group (French)","bilingual","French","T1",6
"Y_PNF_19",NA,NA,NA,NA,NA,NA,NA,NA,"Bilingual group (French)","bilingual","French","T2",9
"Y_PNF_19",NA,NA,NA,NA,NA,NA,NA,NA,"Bilingual group (French)","bilingual","French","T3",NA
"Y_PNF_20",2,50,6,6,12,3,5,8,"Bilingual group (French)","bilingual","French","T1",9
"Y_PNF_20",2,50,6,6,12,3,5,8,"Bilingual group (French)","bilingual","French","T2",11
"Y_PNF_20",2,50,6,6,12,3,5,8,"Bilingual group (French)","bilingual","French","T3",8
"Y_PNF_21",NA,NA,NA,NA,NA,NA,NA,NA,"Bilingual group (French)","bilingual","French","T1",6
"Y_PNF_21",NA,NA,NA,NA,NA,NA,NA,NA,"Bilingual group (French)","bilingual","French","T2",NA
"Y_PNF_21",NA,NA,NA,NA,NA,NA,NA,NA,"Bilingual group (French)","bilingual","French","T3",NA
"Y_PNF_22",2,20,6,6,12,3,1,4,"Bilingual group (French)","bilingual","French","T1",5
"Y_PNF_22",2,20,6,6,12,3,1,4,"Bilingual group (French)","bilingual","French","T2",NA
"Y_PNF_22",2,20,6,6,12,3,1,4,"Bilingual group (French)","bilingual","French","T3",7
"Y_PNF_23",2,100,5,6,11,3,5,8,"Bilingual group (French)","bilingual","French","T1",10
"Y_PNF_23",2,100,5,6,11,3,5,8,"Bilingual group (French)","bilingual","French","T2",NA
"Y_PNF_23",2,100,5,6,11,3,5,8,"Bilingual group (French)","bilingual","French","T3",11
"Y_PNF_24",2,70,6,6,12,5,4,9,"Bilingual group (French)","bilingual","French","T1",10
"Y_PNF_24",2,70,6,6,12,5,4,9,"Bilingual group (French)","bilingual","French","T2",8
"Y_PNF_24",2,70,6,6,12,5,4,9,"Bilingual group (French)","bilingual","French","T3",11
"Y_PNF_25",2,10,6,6,12,4,4,8,"Bilingual group (French)","bilingual","French","T1",7
"Y_PNF_25",2,10,6,6,12,4,4,8,"Bilingual group (French)","bilingual","French","T2",8
"Y_PNF_25",2,10,6,6,12,4,4,8,"Bilingual group (French)","bilingual","French","T3",10
"Y_PNF_26",2,60,6,6,12,2,3,5,"Bilingual group (French)","bilingual","French","T1",6
"Y_PNF_26",2,60,6,6,12,2,3,5,"Bilingual group (French)","bilingual","French","T2",10
"Y_PNF_26",2,60,6,6,12,2,3,5,"Bilingual group (French)","bilingual","French","T3",12
"Y_PNF_27",2,60,6,6,12,2,3,5,"Bilingual group (French)","bilingual","French","T1",7
"Y_PNF_27",2,60,6,6,12,2,3,5,"Bilingual group (French)","bilingual","French","T2",7
"Y_PNF_27",2,60,6,6,12,2,3,5,"Bilingual group (French)","bilingual","French","T3",NA
"Y_PNF_28",2,70,6,6,12,2,5,7,"Bilingual group (French)","bilingual","French","T1",10
"Y_PNF_28",2,70,6,6,12,2,5,7,"Bilingual group (French)","bilingual","French","T2",7
"Y_PNF_28",2,70,6,6,12,2,5,7,"Bilingual group (French)","bilingual","French","T3",9
"Y_PNF_30",NA,NA,NA,NA,NA,NA,NA,NA,"Bilingual group (French)","bilingual","French","T1",5
"Y_PNF_30",NA,NA,NA,NA,NA,NA,NA,NA,"Bilingual group (French)","bilingual","French","T2",NA
"Y_PNF_30",NA,NA,NA,NA,NA,NA,NA,NA,"Bilingual group (French)","bilingual","French","T3",NA
"Y_PNF_33",4,80,6,6,12,2,2,4,"Bilingual group (French)","bilingual","French","T1",13
"Y_PNF_33",4,80,6,6,12,2,2,4,"Bilingual group (French)","bilingual","French","T2",12
"Y_PNF_33",4,80,6,6,12,2,2,4,"Bilingual group (French)","bilingual","French","T3",12
"Y_PNF_34",2,50,6,6,12,4,0,4,"Bilingual group (French)","bilingual","French","T1",6
"Y_PNF_34",2,50,6,6,12,4,0,4,"Bilingual group (French)","bilingual","French","T2",7
"Y_PNF_34",2,50,6,6,12,4,0,4,"Bilingual group (French)","bilingual","French","T3",7
"Z_PLF_2",2,50,6,6,12,2,2,4,"Bilingual group (French)","bilingual","French","T1",6
"Z_PLF_2",2,50,6,6,12,2,2,4,"Bilingual group (French)","bilingual","French","T2",7
"Z_PLF_2",2,50,6,6,12,2,2,4,"Bilingual group (French)","bilingual","French","T3",12
"Z_PLF_3",NA,NA,NA,NA,NA,NA,NA,NA,"Bilingual group (French)","bilingual","French","T1",4
"Z_PLF_3",NA,NA,NA,NA,NA,NA,NA,NA,"Bilingual group (French)","bilingual","French","T2",5
"Z_PLF_3",NA,NA,NA,NA,NA,NA,NA,NA,"Bilingual group (French)","bilingual","French","T3",12
"Z_PLF_4",NA,NA,NA,NA,NA,NA,NA,NA,"Bilingual group (French)","bilingual","French","T1",4
"Z_PLF_4",NA,NA,NA,NA,NA,NA,NA,NA,"Bilingual group (French)","bilingual","French","T2",8
"Z_PLF_4",NA,NA,NA,NA,NA,NA,NA,NA,"Bilingual group (French)","bilingual","French","T3",10
"AB_PLD_1",NA,NA,NA,NA,NA,NA,NA,NA,"Bilingual group (German)","bilingual","German","T1",8
"AB_PLD_1",NA,NA,NA,NA,NA,NA,NA,NA,"Bilingual group (German)","bilingual","German","T2",NA
"AB_PLD_1",NA,NA,NA,NA,NA,NA,NA,NA,"Bilingual group (German)","bilingual","German","T3",8
"AB_PLD_2",2,75,6,6,12,2,2,4,"Bilingual group (German)","bilingual","German","T1",11
"AB_PLD_2",2,75,6,6,12,2,2,4,"Bilingual group (German)","bilingual","German","T2",15
"AB_PLD_2",2,75,6,6,12,2,2,4,"Bilingual group (German)","bilingual","German","T3",15
"AB_PLD_3",3,20,3,5,8,1,4,5,"Bilingual group (German)","bilingual","German","T1",6
"AB_PLD_3",3,20,3,5,8,1,4,5,"Bilingual group (German)","bilingual","German","T2",12
"AB_PLD_3",3,20,3,5,8,1,4,5,"Bilingual group (German)","bilingual","German","T3",NA
"AB_PLD_4",2,30,6,5,11,1,3,4,"Bilingual group (German)","bilingual","German","T1",10
"AB_PLD_4",2,30,6,5,11,1,3,4,"Bilingual group (German)","bilingual","German","T2",13
"AB_PLD_4",2,30,6,5,11,1,3,4,"Bilingual group (German)","bilingual","German","T3",10
"AB_PLD_6",2,50,4,4,8,1,2,3,"Bilingual group (German)","bilingual","German","T1",11
"AB_PLD_6",2,50,4,4,8,1,2,3,"Bilingual group (German)","bilingual","German","T2",10
"AB_PLD_6",2,50,4,4,8,1,2,3,"Bilingual group (German)","bilingual","German","T3",12
"AB_PLD_7",2,50,6,6,12,1,2,3,"Bilingual group (German)","bilingual","German","T1",9
"AB_PLD_7",2,50,6,6,12,1,2,3,"Bilingual group (German)","bilingual","German","T2",9
"AB_PLD_7",2,50,6,6,12,1,2,3,"Bilingual group (German)","bilingual","German","T3",8
"AB_PLD_8",2,50,6,6,12,1,3,4,"Bilingual group (German)","bilingual","German","T1",8
"AB_PLD_8",2,50,6,6,12,1,3,4,"Bilingual group (German)","bilingual","German","T2",8
"AB_PLD_8",2,50,6,6,12,1,3,4,"Bilingual group (German)","bilingual","German","T3",9
"AC_PLD_1",2,40,6,6,12,1,1,2,"Bilingual group (German)","bilingual","German","T1",12
"AC_PLD_1",2,40,6,6,12,1,1,2,"Bilingual group (German)","bilingual","German","T2",10
"AC_PLD_1",2,40,6,6,12,1,1,2,"Bilingual group (German)","bilingual","German","T3",10
"AC_PLD_2",2,25,6,6,12,1,2,3,"Bilingual group (German)","bilingual","German","T1",10
"AC_PLD_2",2,25,6,6,12,1,2,3,"Bilingual group (German)","bilingual","German","T2",11
"AC_PLD_2",2,25,6,6,12,1,2,3,"Bilingual group (German)","bilingual","German","T3",14
"AC_PLD_3",2,25,6,6,12,1,2,3,"Bilingual group (German)","bilingual","German","T1",8
"AC_PLD_3",2,25,6,6,12,1,2,3,"Bilingual group (German)","bilingual","German","T2",11
"AC_PLD_3",2,25,6,6,12,1,2,3,"Bilingual group (German)","bilingual","German","T3",NA
"AC_PLD_8",2,40,6,5,11,1,3,4,"Bilingual group (German)","bilingual","German","T1",6
"AC_PLD_8",2,40,6,5,11,1,3,4,"Bilingual group (German)","bilingual","German","T2",NA
"AC_PLD_8",2,40,6,5,11,1,3,4,"Bilingual group (German)","bilingual","German","T3",NA
"AF_PLD_1",3,30,NA,5,NA,NA,NA,NA,"Bilingual group (German)","bilingual","German","T1",9
"AF_PLD_1",3,30,NA,5,NA,NA,NA,NA,"Bilingual group (German)","bilingual","German","T2",8
"AF_PLD_1",3,30,NA,5,NA,NA,NA,NA,"Bilingual group (German)","bilingual","German","T3",10
"AF_PLD_2",2,20,4,6,10,5,4,9,"Bilingual group (German)","bilingual","German","T1",12
"AF_PLD_2",2,20,4,6,10,5,4,9,"Bilingual group (German)","bilingual","German","T2",10
"AF_PLD_2",2,20,4,6,10,5,4,9,"Bilingual group (German)","bilingual","German","T3",9
"AG_PLD_1",3,50,5,5,10,4,2,6,"Bilingual group (German)","bilingual","German","T1",7
"AG_PLD_1",3,50,5,5,10,4,2,6,"Bilingual group (German)","bilingual","German","T2",NA
"AG_PLD_1",3,50,5,5,10,4,2,6,"Bilingual group (German)","bilingual","German","T3",NA
"E_PLD_1",2,40,6,6,12,3,1,4,"Bilingual group (German)","bilingual","German","T1",11
"E_PLD_1",2,40,6,6,12,3,1,4,"Bilingual group (German)","bilingual","German","T2",8
"E_PLD_1",2,40,6,6,12,3,1,4,"Bilingual group (German)","bilingual","German","T3",9
"E_PLD_2",2,30,6,6,12,2,5,7,"Bilingual group (German)","bilingual","German","T1",8
"E_PLD_2",2,30,6,6,12,2,5,7,"Bilingual group (German)","bilingual","German","T2",NA
"E_PLD_2",2,30,6,6,12,2,5,7,"Bilingual group (German)","bilingual","German","T3",10
"E_PLD_3",2,50,5,5,10,1,2,3,"Bilingual group (German)","bilingual","German","T1",9
"E_PLD_3",2,50,5,5,10,1,2,3,"Bilingual group (German)","bilingual","German","T2",9
"E_PLD_3",2,50,5,5,10,1,2,3,"Bilingual group (German)","bilingual","German","T3",8
"E_PLD_4",2,20,5,5,10,2,2,4,"Bilingual group (German)","bilingual","German","T1",8
"E_PLD_4",2,20,5,5,10,2,2,4,"Bilingual group (German)","bilingual","German","T2",NA
"E_PLD_4",2,20,5,5,10,2,2,4,"Bilingual group (German)","bilingual","German","T3",9
"E_PLD_5",2,10,5,5,10,1,2,3,"Bilingual group (German)","bilingual","German","T1",5
"E_PLD_5",2,10,5,5,10,1,2,3,"Bilingual group (German)","bilingual","German","T2",8
"E_PLD_5",2,10,5,5,10,1,2,3,"Bilingual group (German)","bilingual","German","T3",10
"E_PLD_6",2,10,5,5,10,2,2,4,"Bilingual group (German)","bilingual","German","T1",10
"E_PLD_6",2,10,5,5,10,2,2,4,"Bilingual group (German)","bilingual","German","T2",12
"E_PLD_6",2,10,5,5,10,2,2,4,"Bilingual group (German)","bilingual","German","T3",8
"E_PLD_7",2,30,6,6,12,2,2,4,"Bilingual group (German)","bilingual","German","T1",11
"E_PLD_7",2,30,6,6,12,2,2,4,"Bilingual group (German)","bilingual","German","T2",8
"E_PLD_7",2,30,6,6,12,2,2,4,"Bilingual group (German)","bilingual","German","T3",8
"E_PLD_8",2,20,4,6,10,3,4,7,"Bilingual group (German)","bilingual","German","T1",8
"E_PLD_8",2,20,4,6,10,3,4,7,"Bilingual group (German)","bilingual","German","T2",8
"E_PLD_8",2,20,4,6,10,3,4,7,"Bilingual group (German)","bilingual","German","T3",16
"E_PLD_9",2,20,6,6,12,1,1,2,"Bilingual group (German)","bilingual","German","T1",8
"E_PLD_9",2,20,6,6,12,1,1,2,"Bilingual group (German)","bilingual","German","T2",10
"E_PLD_9",2,20,6,6,12,1,1,2,"Bilingual group (German)","bilingual","German","T3",11
"E_PLD_10",2,10,5,4,9,NA,NA,NA,"Bilingual group (German)","bilingual","German","T1",9
"E_PLD_10",2,10,5,4,9,NA,NA,NA,"Bilingual group (German)","bilingual","German","T2",9
"E_PLD_10",2,10,5,4,9,NA,NA,NA,"Bilingual group (German)","bilingual","German","T3",9
"E_PLD_11",NA,NA,NA,NA,NA,NA,NA,NA,"Bilingual group (German)","bilingual","German","T1",11
"E_PLD_11",NA,NA,NA,NA,NA,NA,NA,NA,"Bilingual group (German)","bilingual","German","T2",10
"E_PLD_11",NA,NA,NA,NA,NA,NA,NA,NA,"Bilingual group (German)","bilingual","German","T3",NA
"E_PLD_12",NA,NA,NA,NA,NA,NA,NA,NA,"Bilingual group (German)","bilingual","German","T1",7
"E_PLD_12",NA,NA,NA,NA,NA,NA,NA,NA,"Bilingual group (German)","bilingual","German","T2",NA
"E_PLD_12",NA,NA,NA,NA,NA,NA,NA,NA,"Bilingual group (German)","bilingual","German","T3",12
"E_PLD_13",2,20,5,5,10,4,4,8,"Bilingual group (German)","bilingual","German","T1",10
"E_PLD_13",2,20,5,5,10,4,4,8,"Bilingual group (German)","bilingual","German","T2",6
"E_PLD_13",2,20,5,5,10,4,4,8,"Bilingual group (German)","bilingual","German","T3",13
"E_PLD_14",2,20,6,6,12,1,4,5,"Bilingual group (German)","bilingual","German","T1",9
"E_PLD_14",2,20,6,6,12,1,4,5,"Bilingual group (German)","bilingual","German","T2",11
"E_PLD_14",2,20,6,6,12,1,4,5,"Bilingual group (German)","bilingual","German","T3",11
"E_PLD_15",2,60,NA,6,NA,NA,4,NA,"Bilingual group (German)","bilingual","German","T1",7
"E_PLD_15",2,60,NA,6,NA,NA,4,NA,"Bilingual group (German)","bilingual","German","T2",11
"E_PLD_15",2,60,NA,6,NA,NA,4,NA,"Bilingual group (German)","bilingual","German","T3",12
"E_PLD_16",2,30,6,6,12,1,1,2,"Bilingual group (German)","bilingual","German","T1",7
"E_PLD_16",2,30,6,6,12,1,1,2,"Bilingual group (German)","bilingual","German","T2",11
"E_PLD_16",2,30,6,6,12,1,1,2,"Bilingual group (German)","bilingual","German","T3",7
"E_PLD_18",2,45,5,5,10,1,1,2,"Bilingual group (German)","bilingual","German","T1",6
"E_PLD_18",2,45,5,5,10,1,1,2,"Bilingual group (German)","bilingual","German","T2",9
"E_PLD_18",2,45,5,5,10,1,1,2,"Bilingual group (German)","bilingual","German","T3",7
"F_PLD_3",NA,NA,NA,NA,NA,NA,NA,NA,"Bilingual group (German)","bilingual","German","T1",8
"F_PLD_3",NA,NA,NA,NA,NA,NA,NA,NA,"Bilingual group (German)","bilingual","German","T2",8
"F_PLD_3",NA,NA,NA,NA,NA,NA,NA,NA,"Bilingual group (German)","bilingual","German","T3",NA
"F_PLD_4",2,40,4,6,10,2,5,7,"Bilingual group (German)","bilingual","German","T1",8
"F_PLD_4",2,40,4,6,10,2,5,7,"Bilingual group (German)","bilingual","German","T2",10
"F_PLD_4",2,40,4,6,10,2,5,7,"Bilingual group (German)","bilingual","German","T3",NA
"F_PLD_5",2,40,6,6,12,1,1,2,"Bilingual group (German)","bilingual","German","T1",8
"F_PLD_5",2,40,6,6,12,1,1,2,"Bilingual group (German)","bilingual","German","T2",9
"F_PLD_5",2,40,6,6,12,1,1,2,"Bilingual group (German)","bilingual","German","T3",NA
"F_PLD_7",2,50,6,6,12,1,1,2,"Bilingual group (German)","bilingual","German","T1",6
"F_PLD_7",2,50,6,6,12,1,1,2,"Bilingual group (German)","bilingual","German","T2",7
"F_PLD_7",2,50,6,6,12,1,1,2,"Bilingual group (German)","bilingual","German","T3",NA
"F_PLD_8",2,40,6,6,12,2,1,3,"Bilingual group (German)","bilingual","German","T1",8
"F_PLD_8",2,40,6,6,12,2,1,3,"Bilingual group (German)","bilingual","German","T2",10
"F_PLD_8",2,40,6,6,12,2,1,3,"Bilingual group (German)","bilingual","German","T3",NA
"H_PLD_2",2,50,6,6,12,1,1,2,"Bilingual group (German)","bilingual","German","T1",6
"H_PLD_2",2,50,6,6,12,1,1,2,"Bilingual group (German)","bilingual","German","T2",8
"H_PLD_2",2,50,6,6,12,1,1,2,"Bilingual group (German)","bilingual","German","T3",NA
"H_PLD_4",NA,NA,NA,NA,NA,NA,NA,NA,"Bilingual group (German)","bilingual","German","T1",7
"H_PLD_4",NA,NA,NA,NA,NA,NA,NA,NA,"Bilingual group (German)","bilingual","German","T2",12
"H_PLD_4",NA,NA,NA,NA,NA,NA,NA,NA,"Bilingual group (German)","bilingual","German","T3",NA
"H_PLD_6",2,50,6,6,12,1,2,3,"Bilingual group (German)","bilingual","German","T1",4
"H_PLD_6",2,50,6,6,12,1,2,3,"Bilingual group (German)","bilingual","German","T2",NA
"H_PLD_6",2,50,6,6,12,1,2,3,"Bilingual group (German)","bilingual","German","T3",NA
"H_PLD_7",3,20,NA,6,NA,NA,2,NA,"Bilingual group (German)","bilingual","German","T1",10
"H_PLD_7",3,20,NA,6,NA,NA,2,NA,"Bilingual group (German)","bilingual","German","T2",7
"H_PLD_7",3,20,NA,6,NA,NA,2,NA,"Bilingual group (German)","bilingual","German","T3",NA
"H_PLD_9",2,30,6,6,12,1,1,2,"Bilingual group (German)","bilingual","German","T1",11
"H_PLD_9",2,30,6,6,12,1,1,2,"Bilingual group (German)","bilingual","German","T2",NA
"H_PLD_9",2,30,6,6,12,1,1,2,"Bilingual group (German)","bilingual","German","T3",NA
"H_PLD_12",2,50,6,6,12,2,1,3,"Bilingual group (German)","bilingual","German","T1",7
"H_PLD_12",2,50,6,6,12,2,1,3,"Bilingual group (German)","bilingual","German","T2",NA
"H_PLD_12",2,50,6,6,12,2,1,3,"Bilingual group (German)","bilingual","German","T3",NA
"I_PLD_3",2,30,6,5,11,4,2,6,"Bilingual group (German)","bilingual","German","T1",11
"I_PLD_3",2,30,6,5,11,4,2,6,"Bilingual group (German)","bilingual","German","T2",10
"I_PLD_3",2,30,6,5,11,4,2,6,"Bilingual group (German)","bilingual","German","T3",9
"J_PLD_1",2,40,6,6,12,3,3,6,"Bilingual group (German)","bilingual","German","T1",7
"J_PLD_1",2,40,6,6,12,3,3,6,"Bilingual group (German)","bilingual","German","T2",8
"J_PLD_1",2,40,6,6,12,3,3,6,"Bilingual group (German)","bilingual","German","T3",NA
"J_PLD_2",NA,NA,NA,NA,NA,NA,NA,NA,"Bilingual group (German)","bilingual","German","T1",9
"J_PLD_2",NA,NA,NA,NA,NA,NA,NA,NA,"Bilingual group (German)","bilingual","German","T2",6
"J_PLD_2",NA,NA,NA,NA,NA,NA,NA,NA,"Bilingual group (German)","bilingual","German","T3",9
"J_PLD_5",2,40,6,6,12,2,3,5,"Bilingual group (German)","bilingual","German","T1",9
"J_PLD_5",2,40,6,6,12,2,3,5,"Bilingual group (German)","bilingual","German","T2",NA
"J_PLD_5",2,40,6,6,12,2,3,5,"Bilingual group (German)","bilingual","German","T3",7
"J_PLD_8",2,50,6,6,12,1,1,2,"Bilingual group (German)","bilingual","German","T1",8
"J_PLD_8",2,50,6,6,12,1,1,2,"Bilingual group (German)","bilingual","German","T2",NA
"J_PLD_8",2,50,6,6,12,1,1,2,"Bilingual group (German)","bilingual","German","T3",6
"L_PLD_1",2,20,5,5,10,1,1,2,"Bilingual group (German)","bilingual","German","T1",4
"L_PLD_1",2,20,5,5,10,1,1,2,"Bilingual group (German)","bilingual","German","T2",4
"L_PLD_1",2,20,5,5,10,1,1,2,"Bilingual group (German)","bilingual","German","T3",7
"L_PLD_2",2,30,6,6,12,1,1,2,"Bilingual group (German)","bilingual","German","T1",4
"L_PLD_2",2,30,6,6,12,1,1,2,"Bilingual group (German)","bilingual","German","T2",NA
"L_PLD_2",2,30,6,6,12,1,1,2,"Bilingual group (German)","bilingual","German","T3",10
"L_PLD_3",NA,NA,NA,NA,NA,NA,NA,NA,"Bilingual group (German)","bilingual","German","T1",8
"L_PLD_3",NA,NA,NA,NA,NA,NA,NA,NA,"Bilingual group (German)","bilingual","German","T2",8
"L_PLD_3",NA,NA,NA,NA,NA,NA,NA,NA,"Bilingual group (German)","bilingual","German","T3",12
"L_PLD_5",2,30,3,3,6,1,1,2,"Bilingual group (German)","bilingual","German","T1",9
"L_PLD_5",2,30,3,3,6,1,1,2,"Bilingual group (German)","bilingual","German","T2",7
"L_PLD_5",2,30,3,3,6,1,1,2,"Bilingual group (German)","bilingual","German","T3",8
"L_PLD_7",NA,NA,NA,NA,NA,NA,NA,NA,"Bilingual group (German)","bilingual","German","T1",6
"L_PLD_7",NA,NA,NA,NA,NA,NA,NA,NA,"Bilingual group (German)","bilingual","German","T2",11
"L_PLD_7",NA,NA,NA,NA,NA,NA,NA,NA,"Bilingual group (German)","bilingual","German","T3",NA
"L_PLD_8",NA,NA,NA,NA,NA,NA,NA,NA,"Bilingual group (German)","bilingual","German","T1",5
"L_PLD_8",NA,NA,NA,NA,NA,NA,NA,NA,"Bilingual group (German)","bilingual","German","T2",10
"L_PLD_8",NA,NA,NA,NA,NA,NA,NA,NA,"Bilingual group (German)","bilingual","German","T3",9
"L_PLD_9",NA,NA,NA,NA,NA,NA,NA,NA,"Bilingual group (German)","bilingual","German","T1",7
"L_PLD_9",NA,NA,NA,NA,NA,NA,NA,NA,"Bilingual group (German)","bilingual","German","T2",9
"L_PLD_9",NA,NA,NA,NA,NA,NA,NA,NA,"Bilingual group (German)","bilingual","German","T3",11
"L_PLD_10",NA,NA,NA,NA,NA,NA,NA,NA,"Bilingual group (German)","bilingual","German","T1",7
"L_PLD_10",NA,NA,NA,NA,NA,NA,NA,NA,"Bilingual group (German)","bilingual","German","T2",6
"L_PLD_10",NA,NA,NA,NA,NA,NA,NA,NA,"Bilingual group (German)","bilingual","German","T3",NA
"L_PLD_11",NA,NA,NA,NA,NA,NA,NA,NA,"Bilingual group (German)","bilingual","German","T1",5
"L_PLD_11",NA,NA,NA,NA,NA,NA,NA,NA,"Bilingual group (German)","bilingual","German","T2",NA
"L_PLD_11",NA,NA,NA,NA,NA,NA,NA,NA,"Bilingual group (German)","bilingual","German","T3",NA
"L_PLD_13",NA,NA,NA,NA,NA,NA,NA,NA,"Bilingual group (German)","bilingual","German","T1",9
"L_PLD_13",NA,NA,NA,NA,NA,NA,NA,NA,"Bilingual group (German)","bilingual","German","T2",7
"L_PLD_13",NA,NA,NA,NA,NA,NA,NA,NA,"Bilingual group (German)","bilingual","German","T3",9
"L_PLD_16",2,40,6,6,12,3,3,6,"Bilingual group (German)","bilingual","German","T1",8
"L_PLD_16",2,40,6,6,12,3,3,6,"Bilingual group (German)","bilingual","German","T2",NA
"L_PLD_16",2,40,6,6,12,3,3,6,"Bilingual group (German)","bilingual","German","T3",9
"L_PLD_17",NA,NA,NA,NA,NA,NA,NA,NA,"Bilingual group (German)","bilingual","German","T1",7
"L_PLD_17",NA,NA,NA,NA,NA,NA,NA,NA,"Bilingual group (German)","bilingual","German","T2",12
"L_PLD_17",NA,NA,NA,NA,NA,NA,NA,NA,"Bilingual group (German)","bilingual","German","T3",7
"L_PLD_18",2,NA,6,6,12,1,1,2,"Bilingual group (German)","bilingual","German","T1",9
"L_PLD_18",2,NA,6,6,12,1,1,2,"Bilingual group (German)","bilingual","German","T2",9
"L_PLD_18",2,NA,6,6,12,1,1,2,"Bilingual group (German)","bilingual","German","T3",7
"M_PLD_1",2,40,5,4,9,4,4,8,"Bilingual group (German)","bilingual","German","T1",11
"M_PLD_1",2,40,5,4,9,4,4,8,"Bilingual group (German)","bilingual","German","T2",9
"M_PLD_1",2,40,5,4,9,4,4,8,"Bilingual group (German)","bilingual","German","T3",13
"M_PLD_3",3,30,6,6,12,1,1,2,"Bilingual group (German)","bilingual","German","T1",3
"M_PLD_3",3,30,6,6,12,1,1,2,"Bilingual group (German)","bilingual","German","T2",5
"M_PLD_3",3,30,6,6,12,1,1,2,"Bilingual group (German)","bilingual","German","T3",8
"M_PLD_4",2,50,6,6,12,2,1,3,"Bilingual group (German)","bilingual","German","T1",8
"M_PLD_4",2,50,6,6,12,2,1,3,"Bilingual group (German)","bilingual","German","T2",6
"M_PLD_4",2,50,6,6,12,2,1,3,"Bilingual group (German)","bilingual","German","T3",11
"M_PLD_7",2,50,6,6,12,4,4,8,"Bilingual group (German)","bilingual","German","T1",8
"M_PLD_7",2,50,6,6,12,4,4,8,"Bilingual group (German)","bilingual","German","T2",NA
"M_PLD_7",2,50,6,6,12,4,4,8,"Bilingual group (German)","bilingual","German","T3",9
"M_PLD_10",NA,NA,NA,NA,NA,NA,NA,NA,"Bilingual group (German)","bilingual","German","T1",11
"M_PLD_10",NA,NA,NA,NA,NA,NA,NA,NA,"Bilingual group (German)","bilingual","German","T2",NA
"M_PLD_10",NA,NA,NA,NA,NA,NA,NA,NA,"Bilingual group (German)","bilingual","German","T3",4
"M_PLD_11",2,60,6,6,12,1,1,2,"Bilingual group (German)","bilingual","German","T1",10
"M_PLD_11",2,60,6,6,12,1,1,2,"Bilingual group (German)","bilingual","German","T2",9
"M_PLD_11",2,60,6,6,12,1,1,2,"Bilingual group (German)","bilingual","German","T3",12
"M_PLD_12",NA,NA,NA,NA,NA,NA,NA,NA,"Bilingual group (German)","bilingual","German","T1",6
"M_PLD_12",NA,NA,NA,NA,NA,NA,NA,NA,"Bilingual group (German)","bilingual","German","T2",10
"M_PLD_12",NA,NA,NA,NA,NA,NA,NA,NA,"Bilingual group (German)","bilingual","German","T3",10
"M_PLD_13",2,50,6,6,12,2,2,4,"Bilingual group (German)","bilingual","German","T1",7
"M_PLD_13",2,50,6,6,12,2,2,4,"Bilingual group (German)","bilingual","German","T2",11
"M_PLD_13",2,50,6,6,12,2,2,4,"Bilingual group (German)","bilingual","German","T3",11
"O_PLD_2",2,50,6,6,12,1,1,2,"Bilingual group (German)","bilingual","German","T1",8
"O_PLD_2",2,50,6,6,12,1,1,2,"Bilingual group (German)","bilingual","German","T2",8
"O_PLD_2",2,50,6,6,12,1,1,2,"Bilingual group (German)","bilingual","German","T3",8
"O_PLD_4",NA,NA,NA,NA,NA,NA,NA,NA,"Bilingual group (German)","bilingual","German","T1",8
"O_PLD_4",NA,NA,NA,NA,NA,NA,NA,NA,"Bilingual group (German)","bilingual","German","T2",7
"O_PLD_4",NA,NA,NA,NA,NA,NA,NA,NA,"Bilingual group (German)","bilingual","German","T3",10
"O_PLD_5",NA,NA,NA,NA,NA,NA,NA,NA,"Bilingual group (German)","bilingual","German","T1",8
"O_PLD_5",NA,NA,NA,NA,NA,NA,NA,NA,"Bilingual group (German)","bilingual","German","T2",11
"O_PLD_5",NA,NA,NA,NA,NA,NA,NA,NA,"Bilingual group (German)","bilingual","German","T3",8
"O_PLD_6",2,70,6,6,12,2,2,4,"Bilingual group (German)","bilingual","German","T1",8
"O_PLD_6",2,70,6,6,12,2,2,4,"Bilingual group (German)","bilingual","German","T2",11
"O_PLD_6",2,70,6,6,12,2,2,4,"Bilingual group (German)","bilingual","German","T3",9
"O_PLD_7",NA,NA,NA,NA,NA,NA,NA,NA,"Bilingual group (German)","bilingual","German","T1",7
"O_PLD_7",NA,NA,NA,NA,NA,NA,NA,NA,"Bilingual group (German)","bilingual","German","T2",NA
"O_PLD_7",NA,NA,NA,NA,NA,NA,NA,NA,"Bilingual group (German)","bilingual","German","T3",NA
"O_PLD_8",2,25,NA,4,NA,NA,4,NA,"Bilingual group (German)","bilingual","German","T1",7
"O_PLD_8",2,25,NA,4,NA,NA,4,NA,"Bilingual group (German)","bilingual","German","T2",NA
"O_PLD_8",2,25,NA,4,NA,NA,4,NA,"Bilingual group (German)","bilingual","German","T3",9
"O_PLD_9",2,30,6,6,12,3,3,6,"Bilingual group (German)","bilingual","German","T1",7
"O_PLD_9",2,30,6,6,12,3,3,6,"Bilingual group (German)","bilingual","German","T2",NA
"O_PLD_9",2,30,6,6,12,3,3,6,"Bilingual group (German)","bilingual","German","T3",11
"O_PLD_10",2,20,6,5,11,1,1,2,"Bilingual group (German)","bilingual","German","T1",8
"O_PLD_10",2,20,6,5,11,1,1,2,"Bilingual group (German)","bilingual","German","T2",6
"O_PLD_10",2,20,6,5,11,1,1,2,"Bilingual group (German)","bilingual","German","T3",10
"O_PLD_11",3,25,NA,4,NA,NA,2,NA,"Bilingual group (German)","bilingual","German","T1",7
"O_PLD_11",3,25,NA,4,NA,NA,2,NA,"Bilingual group (German)","bilingual","German","T2",10
"O_PLD_11",3,25,NA,4,NA,NA,2,NA,"Bilingual group (German)","bilingual","German","T3",NA
"O_PLD_13",NA,NA,NA,NA,NA,NA,NA,NA,"Bilingual group (German)","bilingual","German","T1",7
"O_PLD_13",NA,NA,NA,NA,NA,NA,NA,NA,"Bilingual group (German)","bilingual","German","T2",6
"O_PLD_13",NA,NA,NA,NA,NA,NA,NA,NA,"Bilingual group (German)","bilingual","German","T3",NA
"O_PLD_17",2,10,6,1,7,1,2,3,"Bilingual group (German)","bilingual","German","T1",6
"O_PLD_17",2,10,6,1,7,1,2,3,"Bilingual group (German)","bilingual","German","T2",6
"O_PLD_17",2,10,6,1,7,1,2,3,"Bilingual group (German)","bilingual","German","T3",NA
"O_PLD_21",2,25,6,6,12,3,2,5,"Bilingual group (German)","bilingual","German","T1",8
"O_PLD_21",2,25,6,6,12,3,2,5,"Bilingual group (German)","bilingual","German","T2",NA
"O_PLD_21",2,25,6,6,12,3,2,5,"Bilingual group (German)","bilingual","German","T3",14
"X_PND_1",2,80,5,6,11,1,3,4,"Bilingual group (German)","bilingual","German","T1",9
"X_PND_1",2,80,5,6,11,1,3,4,"Bilingual group (German)","bilingual","German","T2",13
"X_PND_1",2,80,5,6,11,1,3,4,"Bilingual group (German)","bilingual","German","T3",11
"X_PND_2",2,50,6,6,12,2,3,5,"Bilingual group (German)","bilingual","German","T1",10
"X_PND_2",2,50,6,6,12,2,3,5,"Bilingual group (German)","bilingual","German","T2",11
"X_PND_2",2,50,6,6,12,2,3,5,"Bilingual group (German)","bilingual","German","T3",7
"X_PND_3",2,50,6,6,12,1,4,5,"Bilingual group (German)","bilingual","German","T1",8
"X_PND_3",2,50,6,6,12,1,4,5,"Bilingual group (German)","bilingual","German","T2",11
"X_PND_3",2,50,6,6,12,1,4,5,"Bilingual group (German)","bilingual","German","T3",9
"X_PND_4",2,50,6,6,12,2,2,4,"Bilingual group (German)","bilingual","German","T1",7
"X_PND_4",2,50,6,6,12,2,2,4,"Bilingual group (German)","bilingual","German","T2",7
"X_PND_4",2,50,6,6,12,2,2,4,"Bilingual group (German)","bilingual","German","T3",10
"AI_CP_2",2,NA,3,NA,NA,3,3,6,"Control group Portuguese","control","Portuguese","T1",13
"AI_CP_2",2,NA,3,NA,NA,3,3,6,"Control group Portuguese","control","Portuguese","T2",13
"AI_CP_2",2,NA,3,NA,NA,3,3,6,"Control group Portuguese","control","Portuguese","T3",16
"AI_CP_3",2,50,6,5,11,5,5,10,"Control group Portuguese","control","Portuguese","T1",10
"AI_CP_3",2,50,6,5,11,5,5,10,"Control group Portuguese","control","Portuguese","T2",14
"AI_CP_3",2,50,6,5,11,5,5,10,"Control group Portuguese","control","Portuguese","T3",14
"AI_CP_4",1,NA,6,6,12,1,2,3,"Control group Portuguese","control","Portuguese","T1",14
"AI_CP_4",1,NA,6,6,12,1,2,3,"Control group Portuguese","control","Portuguese","T2",12
"AI_CP_4",1,NA,6,6,12,1,2,3,"Control group Portuguese","control","Portuguese","T3",11
"AI_CP_5",1,NA,6,6,12,4,5,9,"Control group Portuguese","control","Portuguese","T1",10
"AI_CP_5",1,NA,6,6,12,4,5,9,"Control group Portuguese","control","Portuguese","T2",13
"AI_CP_5",1,NA,6,6,12,4,5,9,"Control group Portuguese","control","Portuguese","T3",12
"AI_CP_6",1,NA,6,6,12,2,2,4,"Control group Portuguese","control","Portuguese","T1",9
"AI_CP_6",1,NA,6,6,12,2,2,4,"Control group Portuguese","control","Portuguese","T2",11
"AI_CP_6",1,NA,6,6,12,2,2,4,"Control group Portuguese","control","Portuguese","T3",11
"AI_CP_7",1,NA,6,6,12,4,4,8,"Control group Portuguese","control","Portuguese","T1",10
"AI_CP_7",1,NA,6,6,12,4,4,8,"Control group Portuguese","control","Portuguese","T2",11
"AI_CP_7",1,NA,6,6,12,4,4,8,"Control group Portuguese","control","Portuguese","T3",13
"AI_CP_8",1,NA,6,6,12,3,3,6,"Control group Portuguese","control","Portuguese","T1",11
"AI_CP_8",1,NA,6,6,12,3,3,6,"Control group Portuguese","control","Portuguese","T2",13
"AI_CP_8",1,NA,6,6,12,3,3,6,"Control group Portuguese","control","Portuguese","T3",14
"AI_CP_9",1,NA,6,6,12,1,1,2,"Control group Portuguese","control","Portuguese","T1",10
"AI_CP_9",1,NA,6,6,12,1,1,2,"Control group Portuguese","control","Portuguese","T2",10
"AI_CP_9",1,NA,6,6,12,1,1,2,"Control group Portuguese","control","Portuguese","T3",NA
"AI_CP_10",NA,NA,NA,NA,NA,NA,NA,NA,"Control group Portuguese","control","Portuguese","T1",7
"AI_CP_10",NA,NA,NA,NA,NA,NA,NA,NA,"Control group Portuguese","control","Portuguese","T2",10
"AI_CP_10",NA,NA,NA,NA,NA,NA,NA,NA,"Control group Portuguese","control","Portuguese","T3",13
"AI_CP_11",1,NA,6,6,12,3,4,7,"Control group Portuguese","control","Portuguese","T1",15
"AI_CP_11",1,NA,6,6,12,3,4,7,"Control group Portuguese","control","Portuguese","T2",NA
"AI_CP_11",1,NA,6,6,12,3,4,7,"Control group Portuguese","control","Portuguese","T3",17
"AI_CP_14",1,NA,6,6,12,2,3,5,"Control group Portuguese","control","Portuguese","T1",6
"AI_CP_14",1,NA,6,6,12,2,3,5,"Control group Portuguese","control","Portuguese","T2",10
"AI_CP_14",1,NA,6,6,12,2,3,5,"Control group Portuguese","control","Portuguese","T3",8
"AI_CP_15",1,NA,6,6,12,2,3,5,"Control group Portuguese","control","Portuguese","T1",9
"AI_CP_15",1,NA,6,6,12,2,3,5,"Control group Portuguese","control","Portuguese","T2",9
"AI_CP_15",1,NA,6,6,12,2,3,5,"Control group Portuguese","control","Portuguese","T3",9
"AI_CP_16",1,NA,6,6,12,5,5,10,"Control group Portuguese","control","Portuguese","T1",10
"AI_CP_16",1,NA,6,6,12,5,5,10,"Control group Portuguese","control","Portuguese","T2",9
"AI_CP_16",1,NA,6,6,12,5,5,10,"Control group Portuguese","control","Portuguese","T3",14
"AI_CP_17",1,NA,6,6,12,3,3,6,"Control group Portuguese","control","Portuguese","T1",12
"AI_CP_17",1,NA,6,6,12,3,3,6,"Control group Portuguese","control","Portuguese","T2",14
"AI_CP_17",1,NA,6,6,12,3,3,6,"Control group Portuguese","control","Portuguese","T3",15
"AJ_CP_1",NA,NA,NA,NA,NA,NA,NA,NA,"Control group Portuguese","control","Portuguese","T1",8
"AJ_CP_1",NA,NA,NA,NA,NA,NA,NA,NA,"Control group Portuguese","control","Portuguese","T2",11
"AJ_CP_1",NA,NA,NA,NA,NA,NA,NA,NA,"Control group Portuguese","control","Portuguese","T3",16
"AJ_CP_2",1,NA,6,6,12,1,3,4,"Control group Portuguese","control","Portuguese","T1",8
"AJ_CP_2",1,NA,6,6,12,1,3,4,"Control group Portuguese","control","Portuguese","T2",10
"AJ_CP_2",1,NA,6,6,12,1,3,4,"Control group Portuguese","control","Portuguese","T3",12
"AJ_CP_3",1,NA,6,6,12,5,5,10,"Control group Portuguese","control","Portuguese","T1",10
"AJ_CP_3",1,NA,6,6,12,5,5,10,"Control group Portuguese","control","Portuguese","T2",9
"AJ_CP_3",1,NA,6,6,12,5,5,10,"Control group Portuguese","control","Portuguese","T3",14
"AJ_CP_5",1,NA,6,6,12,5,5,10,"Control group Portuguese","control","Portuguese","T1",8
"AJ_CP_5",1,NA,6,6,12,5,5,10,"Control group Portuguese","control","Portuguese","T2",NA
"AJ_CP_5",1,NA,6,6,12,5,5,10,"Control group Portuguese","control","Portuguese","T3",12
"AJ_CP_7",2,90,6,6,12,5,5,10,"Control group Portuguese","control","Portuguese","T1",12
"AJ_CP_7",2,90,6,6,12,5,5,10,"Control group Portuguese","control","Portuguese","T2",14
"AJ_CP_7",2,90,6,6,12,5,5,10,"Control group Portuguese","control","Portuguese","T3",13
"AJ_CP_8",1,NA,6,6,12,5,5,10,"Control group Portuguese","control","Portuguese","T1",9
"AJ_CP_8",1,NA,6,6,12,5,5,10,"Control group Portuguese","control","Portuguese","T2",NA
"AJ_CP_8",1,NA,6,6,12,5,5,10,"Control group Portuguese","control","Portuguese","T3",15
"AJ_CP_10",1,NA,6,6,12,5,5,10,"Control group Portuguese","control","Portuguese","T1",10
"AJ_CP_10",1,NA,6,6,12,5,5,10,"Control group Portuguese","control","Portuguese","T2",10
"AJ_CP_10",1,NA,6,6,12,5,5,10,"Control group Portuguese","control","Portuguese","T3",NA
"AJ_CP_11",1,NA,6,6,12,5,5,10,"Control group Portuguese","control","Portuguese","T1",7
"AJ_CP_11",1,NA,6,6,12,5,5,10,"Control group Portuguese","control","Portuguese","T2",9
"AJ_CP_11",1,NA,6,6,12,5,5,10,"Control group Portuguese","control","Portuguese","T3",11
"AJ_CP_12",NA,NA,NA,NA,NA,NA,NA,NA,"Control group Portuguese","control","Portuguese","T1",7
"AJ_CP_12",NA,NA,NA,NA,NA,NA,NA,NA,"Control group Portuguese","control","Portuguese","T2",8
"AJ_CP_12",NA,NA,NA,NA,NA,NA,NA,NA,"Control group Portuguese","control","Portuguese","T3",11
"AJ_CP_13",1,NA,6,6,12,5,5,10,"Control group Portuguese","control","Portuguese","T1",8
"AJ_CP_13",1,NA,6,6,12,5,5,10,"Control group Portuguese","control","Portuguese","T2",11
"AJ_CP_13",1,NA,6,6,12,5,5,10,"Control group Portuguese","control","Portuguese","T3",13
"AJ_CP_14",1,NA,6,6,12,4,5,9,"Control group Portuguese","control","Portuguese","T1",11
"AJ_CP_14",1,NA,6,6,12,4,5,9,"Control group Portuguese","control","Portuguese","T2",10
"AJ_CP_14",1,NA,6,6,12,4,5,9,"Control group Portuguese","control","Portuguese","T3",15
"AJ_CP_15",1,NA,6,6,12,3,3,6,"Control group Portuguese","control","Portuguese","T1",7
"AJ_CP_15",1,NA,6,6,12,3,3,6,"Control group Portuguese","control","Portuguese","T2",9
"AJ_CP_15",1,NA,6,6,12,3,3,6,"Control group Portuguese","control","Portuguese","T3",11
"AJ_CP_17",1,NA,6,6,12,2,3,5,"Control group Portuguese","control","Portuguese","T1",13
"AJ_CP_17",1,NA,6,6,12,2,3,5,"Control group Portuguese","control","Portuguese","T2",10
"AJ_CP_17",1,NA,6,6,12,2,3,5,"Control group Portuguese","control","Portuguese","T3",8
"AJ_CP_18",2,65,6,6,12,5,5,10,"Control group Portuguese","control","Portuguese","T1",12
"AJ_CP_18",2,65,6,6,12,5,5,10,"Control group Portuguese","control","Portuguese","T2",11
"AJ_CP_18",2,65,6,6,12,5,5,10,"Control group Portuguese","control","Portuguese","T3",15
"AJ_CP_19",1,NA,6,6,12,5,5,10,"Control group Portuguese","control","Portuguese","T1",8
"AJ_CP_19",1,NA,6,6,12,5,5,10,"Control group Portuguese","control","Portuguese","T2",10
"AJ_CP_19",1,NA,6,6,12,5,5,10,"Control group Portuguese","control","Portuguese","T3",12
"AJ_CP_20",1,NA,6,6,12,3,3,6,"Control group Portuguese","control","Portuguese","T1",6
"AJ_CP_20",1,NA,6,6,12,3,3,6,"Control group Portuguese","control","Portuguese","T2",10
"AJ_CP_20",1,NA,6,6,12,3,3,6,"Control group Portuguese","control","Portuguese","T3",14
"AJ_CP_21",1,NA,6,6,12,5,5,10,"Control group Portuguese","control","Portuguese","T1",10
"AJ_CP_21",1,NA,6,6,12,5,5,10,"Control group Portuguese","control","Portuguese","T2",10
"AJ_CP_21",1,NA,6,6,12,5,5,10,"Control group Portuguese","control","Portuguese","T3",12
"AJ_CP_23",1,NA,6,5,11,2,1,3,"Control group Portuguese","control","Portuguese","T1",10
"AJ_CP_23",1,NA,6,5,11,2,1,3,"Control group Portuguese","control","Portuguese","T2",8
"AJ_CP_23",1,NA,6,5,11,2,1,3,"Control group Portuguese","control","Portuguese","T3",NA
"AJ_CP_24",1,NA,6,6,12,5,3,8,"Control group Portuguese","control","Portuguese","T1",9
"AJ_CP_24",1,NA,6,6,12,5,3,8,"Control group Portuguese","control","Portuguese","T2",11
"AJ_CP_24",1,NA,6,6,12,5,3,8,"Control group Portuguese","control","Portuguese","T3",12
"AK_CP_1",1,NA,6,6,12,NA,NA,NA,"Control group Portuguese","control","Portuguese","T1",10
"AK_CP_1",1,NA,6,6,12,NA,NA,NA,"Control group Portuguese","control","Portuguese","T2",8
"AK_CP_1",1,NA,6,6,12,NA,NA,NA,"Control group Portuguese","control","Portuguese","T3",7
"AK_CP_2",NA,NA,NA,NA,NA,NA,NA,NA,"Control group Portuguese","control","Portuguese","T1",13
"AK_CP_2",NA,NA,NA,NA,NA,NA,NA,NA,"Control group Portuguese","control","Portuguese","T2",12
"AK_CP_2",NA,NA,NA,NA,NA,NA,NA,NA,"Control group Portuguese","control","Portuguese","T3",16
"AK_CP_3",1,NA,6,6,12,5,5,10,"Control group Portuguese","control","Portuguese","T1",16
"AK_CP_3",1,NA,6,6,12,5,5,10,"Control group Portuguese","control","Portuguese","T2",14
"AK_CP_3",1,NA,6,6,12,5,5,10,"Control group Portuguese","control","Portuguese","T3",13
"AK_CP_5",1,NA,6,6,12,5,5,10,"Control group Portuguese","control","Portuguese","T1",11
"AK_CP_5",1,NA,6,6,12,5,5,10,"Control group Portuguese","control","Portuguese","T2",13
"AK_CP_5",1,NA,6,6,12,5,5,10,"Control group Portuguese","control","Portuguese","T3",12
"AK_CP_6",1,NA,6,6,12,5,5,10,"Control group Portuguese","control","Portuguese","T1",11
"AK_CP_6",1,NA,6,6,12,5,5,10,"Control group Portuguese","control","Portuguese","T2",11
"AK_CP_6",1,NA,6,6,12,5,5,10,"Control group Portuguese","control","Portuguese","T3",14
"AK_CP_7",1,NA,6,6,12,5,5,10,"Control group Portuguese","control","Portuguese","T1",11
"AK_CP_7",1,NA,6,6,12,5,5,10,"Control group Portuguese","control","Portuguese","T2",12
"AK_CP_7",1,NA,6,6,12,5,5,10,"Control group Portuguese","control","Portuguese","T3",NA
"AK_CP_9",1,NA,6,6,12,2,5,7,"Control group Portuguese","control","Portuguese","T1",10
"AK_CP_9",1,NA,6,6,12,2,5,7,"Control group Portuguese","control","Portuguese","T2",11
"AK_CP_9",1,NA,6,6,12,2,5,7,"Control group Portuguese","control","Portuguese","T3",12
"AK_CP_12",1,NA,6,6,12,5,4,9,"Control group Portuguese","control","Portuguese","T1",8
"AK_CP_12",1,NA,6,6,12,5,4,9,"Control group Portuguese","control","Portuguese","T2",13
"AK_CP_12",1,NA,6,6,12,5,4,9,"Control group Portuguese","control","Portuguese","T3",10
"AK_CP_13",1,NA,6,6,12,5,5,10,"Control group Portuguese","control","Portuguese","T1",9
"AK_CP_13",1,NA,6,6,12,5,5,10,"Control group Portuguese","control","Portuguese","T2",NA
"AK_CP_13",1,NA,6,6,12,5,5,10,"Control group Portuguese","control","Portuguese","T3",NA
"AK_CP_15",1,NA,6,6,12,4,5,9,"Control group Portuguese","control","Portuguese","T1",11
"AK_CP_15",1,NA,6,6,12,4,5,9,"Control group Portuguese","control","Portuguese","T2",14
"AK_CP_15",1,NA,6,6,12,4,5,9,"Control group Portuguese","control","Portuguese","T3",6
"AK_CP_16",1,NA,6,6,12,3,3,6,"Control group Portuguese","control","Portuguese","T1",9
"AK_CP_16",1,NA,6,6,12,3,3,6,"Control group Portuguese","control","Portuguese","T2",10
"AK_CP_16",1,NA,6,6,12,3,3,6,"Control group Portuguese","control","Portuguese","T3",12
"AK_CP_17",1,NA,6,6,12,5,5,10,"Control group Portuguese","control","Portuguese","T1",8
"AK_CP_17",1,NA,6,6,12,5,5,10,"Control group Portuguese","control","Portuguese","T2",10
"AK_CP_17",1,NA,6,6,12,5,5,10,"Control group Portuguese","control","Portuguese","T3",14
"AK_CP_19",1,NA,6,6,12,5,5,10,"Control group Portuguese","control","Portuguese","T1",11
"AK_CP_19",1,NA,6,6,12,5,5,10,"Control group Portuguese","control","Portuguese","T2",12
"AK_CP_19",1,NA,6,6,12,5,5,10,"Control group Portuguese","control","Portuguese","T3",14
"AK_CP_21",1,NA,6,6,12,5,5,10,"Control group Portuguese","control","Portuguese","T1",9
"AK_CP_21",1,NA,6,6,12,5,5,10,"Control group Portuguese","control","Portuguese","T2",15
"AK_CP_21",1,NA,6,6,12,5,5,10,"Control group Portuguese","control","Portuguese","T3",13
"AK_CP_22",1,NA,NA,6,NA,NA,3,NA,"Control group Portuguese","control","Portuguese","T1",12
"AK_CP_22",1,NA,NA,6,NA,NA,3,NA,"Control group Portuguese","control","Portuguese","T2",NA
"AK_CP_22",1,NA,NA,6,NA,NA,3,NA,"Control group Portuguese","control","Portuguese","T3",11
"AK_CP_23",1,NA,6,6,12,NA,5,NA,"Control group Portuguese","control","Portuguese","T1",11
"AK_CP_23",1,NA,6,6,12,NA,5,NA,"Control group Portuguese","control","Portuguese","T2",10
"AK_CP_23",1,NA,6,6,12,NA,5,NA,"Control group Portuguese","control","Portuguese","T3",15
"AL_CP_1",NA,NA,NA,NA,NA,NA,NA,NA,"Control group Portuguese","control","Portuguese","T1",9
"AL_CP_1",NA,NA,NA,NA,NA,NA,NA,NA,"Control group Portuguese","control","Portuguese","T2",9
"AL_CP_1",NA,NA,NA,NA,NA,NA,NA,NA,"Control group Portuguese","control","Portuguese","T3",12
"AL_CP_2",1,NA,6,6,12,5,2,7,"Control group Portuguese","control","Portuguese","T1",8
"AL_CP_2",1,NA,6,6,12,5,2,7,"Control group Portuguese","control","Portuguese","T2",NA
"AL_CP_2",1,NA,6,6,12,5,2,7,"Control group Portuguese","control","Portuguese","T3",6
"AL_CP_3",1,NA,6,6,12,3,5,8,"Control group Portuguese","control","Portuguese","T1",8
"AL_CP_3",1,NA,6,6,12,3,5,8,"Control group Portuguese","control","Portuguese","T2",12
"AL_CP_3",1,NA,6,6,12,3,5,8,"Control group Portuguese","control","Portuguese","T3",10
"AL_CP_4",1,NA,6,6,12,2,3,5,"Control group Portuguese","control","Portuguese","T1",10
"AL_CP_4",1,NA,6,6,12,2,3,5,"Control group Portuguese","control","Portuguese","T2",7
"AL_CP_4",1,NA,6,6,12,2,3,5,"Control group Portuguese","control","Portuguese","T3",8
"AL_CP_5",2,99,6,6,12,5,5,10,"Control group Portuguese","control","Portuguese","T1",9
"AL_CP_5",2,99,6,6,12,5,5,10,"Control group Portuguese","control","Portuguese","T2",11
"AL_CP_5",2,99,6,6,12,5,5,10,"Control group Portuguese","control","Portuguese","T3",NA
"AL_CP_6",1,NA,6,6,12,4,5,9,"Control group Portuguese","control","Portuguese","T1",12
"AL_CP_6",1,NA,6,6,12,4,5,9,"Control group Portuguese","control","Portuguese","T2",NA
"AL_CP_6",1,NA,6,6,12,4,5,9,"Control group Portuguese","control","Portuguese","T3",NA
"AL_CP_7",1,NA,5,5,10,2,3,5,"Control group Portuguese","control","Portuguese","T1",8
"AL_CP_7",1,NA,5,5,10,2,3,5,"Control group Portuguese","control","Portuguese","T2",8
"AL_CP_7",1,NA,5,5,10,2,3,5,"Control group Portuguese","control","Portuguese","T3",9
"AL_CP_8",1,NA,6,6,12,2,3,5,"Control group Portuguese","control","Portuguese","T1",11
"AL_CP_8",1,NA,6,6,12,2,3,5,"Control group Portuguese","control","Portuguese","T2",11
"AL_CP_8",1,NA,6,6,12,2,3,5,"Control group Portuguese","control","Portuguese","T3",11
"AL_CP_9",1,NA,6,6,12,2,2,4,"Control group Portuguese","control","Portuguese","T1",8
"AL_CP_9",1,NA,6,6,12,2,2,4,"Control group Portuguese","control","Portuguese","T2",10
"AL_CP_9",1,NA,6,6,12,2,2,4,"Control group Portuguese","control","Portuguese","T3",12
"AL_CP_10",1,NA,6,6,12,3,5,8,"Control group Portuguese","control","Portuguese","T1",7
"AL_CP_10",1,NA,6,6,12,3,5,8,"Control group Portuguese","control","Portuguese","T2",8
"AL_CP_10",1,NA,6,6,12,3,5,8,"Control group Portuguese","control","Portuguese","T3",15
"AL_CP_11",1,NA,5,6,11,5,5,10,"Control group Portuguese","control","Portuguese","T1",12
"AL_CP_11",1,NA,5,6,11,5,5,10,"Control group Portuguese","control","Portuguese","T2",13
"AL_CP_11",1,NA,5,6,11,5,5,10,"Control group Portuguese","control","Portuguese","T3",12
"AL_CP_12",1,NA,6,6,12,3,5,8,"Control group Portuguese","control","Portuguese","T1",11
"AL_CP_12",1,NA,6,6,12,3,5,8,"Control group Portuguese","control","Portuguese","T2",12
"AL_CP_12",1,NA,6,6,12,3,5,8,"Control group Portuguese","control","Portuguese","T3",12
"AL_CP_13",NA,NA,NA,NA,NA,NA,NA,NA,"Control group Portuguese","control","Portuguese","T1",11
"AL_CP_13",NA,NA,NA,NA,NA,NA,NA,NA,"Control group Portuguese","control","Portuguese","T2",NA
"AL_CP_13",NA,NA,NA,NA,NA,NA,NA,NA,"Control group Portuguese","control","Portuguese","T3",NA
"AL_CP_14",1,NA,6,6,12,3,3,6,"Control group Portuguese","control","Portuguese","T1",11
"AL_CP_14",1,NA,6,6,12,3,3,6,"Control group Portuguese","control","Portuguese","T2",15
"AL_CP_14",1,NA,6,6,12,3,3,6,"Control group Portuguese","control","Portuguese","T3",10
"AL_CP_15",2,70,5,5,10,4,5,9,"Control group Portuguese","control","Portuguese","T1",13
"AL_CP_15",2,70,5,5,10,4,5,9,"Control group Portuguese","control","Portuguese","T2",11
"AL_CP_15",2,70,5,5,10,4,5,9,"Control group Portuguese","control","Portuguese","T3",13
"AL_CP_16",1,NA,6,6,12,3,5,8,"Control group Portuguese","control","Portuguese","T1",11
"AL_CP_16",1,NA,6,6,12,3,5,8,"Control group Portuguese","control","Portuguese","T2",11
"AL_CP_16",1,NA,6,6,12,3,5,8,"Control group Portuguese","control","Portuguese","T3",14
"AL_CP_17",1,NA,6,6,12,3,2,5,"Control group Portuguese","control","Portuguese","T1",10
"AL_CP_17",1,NA,6,6,12,3,2,5,"Control group Portuguese","control","Portuguese","T2",7
"AL_CP_17",1,NA,6,6,12,3,2,5,"Control group Portuguese","control","Portuguese","T3",NA
"AL_CP_18",1,NA,5,5,10,2,3,5,"Control group Portuguese","control","Portuguese","T1",7
"AL_CP_18",1,NA,5,5,10,2,3,5,"Control group Portuguese","control","Portuguese","T2",11
"AL_CP_18",1,NA,5,5,10,2,3,5,"Control group Portuguese","control","Portuguese","T3",10
"AL_CP_19",1,NA,6,6,12,1,3,4,"Control group Portuguese","control","Portuguese","T1",9
"AL_CP_19",1,NA,6,6,12,1,3,4,"Control group Portuguese","control","Portuguese","T2",9
"AL_CP_19",1,NA,6,6,12,1,3,4,"Control group Portuguese","control","Portuguese","T3",7
"AL_CP_20",1,NA,1,5,6,2,5,7,"Control group Portuguese","control","Portuguese","T1",12
"AL_CP_20",1,NA,1,5,6,2,5,7,"Control group Portuguese","control","Portuguese","T2",8
"AL_CP_20",1,NA,1,5,6,2,5,7,"Control group Portuguese","control","Portuguese","T3",10
"AL_CP_21",1,NA,6,6,12,4,3,7,"Control group Portuguese","control","Portuguese","T1",8
"AL_CP_21",1,NA,6,6,12,4,3,7,"Control group Portuguese","control","Portuguese","T2",9
"AL_CP_21",1,NA,6,6,12,4,3,7,"Control group Portuguese","control","Portuguese","T3",12
"AL_CP_22",1,NA,6,6,12,3,5,8,"Control group Portuguese","control","Portuguese","T1",8
"AL_CP_22",1,NA,6,6,12,3,5,8,"Control group Portuguese","control","Portuguese","T2",9
"AL_CP_22",1,NA,6,6,12,3,5,8,"Control group Portuguese","control","Portuguese","T3",11
"AL_CP_23",1,NA,3,5,8,1,3,4,"Control group Portuguese","control","Portuguese","T1",9
"AL_CP_23",1,NA,3,5,8,1,3,4,"Control group Portuguese","control","Portuguese","T2",14
"AL_CP_23",1,NA,3,5,8,1,3,4,"Control group Portuguese","control","Portuguese","T3",17
"AL_CP_24",NA,NA,NA,NA,NA,NA,NA,NA,"Control group Portuguese","control","Portuguese","T1",10
"AL_CP_24",NA,NA,NA,NA,NA,NA,NA,NA,"Control group Portuguese","control","Portuguese","T2",13
"AL_CP_24",NA,NA,NA,NA,NA,NA,NA,NA,"Control group Portuguese","control","Portuguese","T3",15
"A_PLF_4",3,20,6,6,12,4,4,8,"Bilingual group (French)","bilingual","French","T1",NA
"A_PLF_4",3,20,6,6,12,4,4,8,"Bilingual group (French)","bilingual","French","T2",8
"A_PLF_4",3,20,6,6,12,4,4,8,"Bilingual group (French)","bilingual","French","T3",7
"A_PLF_12",2,40,1,6,7,5,4,9,"Bilingual group (French)","bilingual","French","T1",NA
"A_PLF_12",2,40,1,6,7,5,4,9,"Bilingual group (French)","bilingual","French","T2",12
"A_PLF_12",2,40,1,6,7,5,4,9,"Bilingual group (French)","bilingual","French","T3",12
"AA_PLF_13",2,40,6,6,12,2,4,6,"Bilingual group (French)","bilingual","French","T1",NA
"AA_PLF_13",2,40,6,6,12,2,4,6,"Bilingual group (French)","bilingual","French","T2",10
"AA_PLF_13",2,40,6,6,12,2,4,6,"Bilingual group (French)","bilingual","French","T3",15
"AD_PLF_3",NA,NA,NA,NA,NA,NA,NA,NA,"Bilingual group (French)","bilingual","French","T1",NA
"AD_PLF_3",NA,NA,NA,NA,NA,NA,NA,NA,"Bilingual group (French)","bilingual","French","T2",4
"AD_PLF_3",NA,NA,NA,NA,NA,NA,NA,NA,"Bilingual group (French)","bilingual","French","T3",NA
"AD_PLF_7",NA,NA,NA,NA,NA,NA,NA,NA,"Bilingual group (French)","bilingual","French","T1",NA
"AD_PLF_7",NA,NA,NA,NA,NA,NA,NA,NA,"Bilingual group (French)","bilingual","French","T2",5
"AD_PLF_7",NA,NA,NA,NA,NA,NA,NA,NA,"Bilingual group (French)","bilingual","French","T3",NA
"AD_PLF_9",2,50,6,6,12,1,1,2,"Bilingual group (French)","bilingual","French","T1",NA
"AD_PLF_9",2,50,6,6,12,1,1,2,"Bilingual group (French)","bilingual","French","T2",8
"AD_PLF_9",2,50,6,6,12,1,1,2,"Bilingual group (French)","bilingual","French","T3",12
"AD_PLF_14",2,70,6,6,12,2,3,5,"Bilingual group (French)","bilingual","French","T1",NA
"AD_PLF_14",2,70,6,6,12,2,3,5,"Bilingual group (French)","bilingual","French","T2",5
"AD_PLF_14",2,70,6,6,12,2,3,5,"Bilingual group (French)","bilingual","French","T3",5
"AD_PLF_19",2,50,6,6,12,1,2,3,"Bilingual group (French)","bilingual","French","T1",NA
"AD_PLF_19",2,50,6,6,12,1,2,3,"Bilingual group (French)","bilingual","French","T2",7
"AD_PLF_19",2,50,6,6,12,1,2,3,"Bilingual group (French)","bilingual","French","T3",7
"AD_PLF_27",2,70,6,6,12,1,4,5,"Bilingual group (French)","bilingual","French","T1",NA
"AD_PLF_27",2,70,6,6,12,1,4,5,"Bilingual group (French)","bilingual","French","T2",9
"AD_PLF_27",2,70,6,6,12,1,4,5,"Bilingual group (French)","bilingual","French","T3",NA
"AE_PLF_5",2,1,1,1,2,4,4,8,"Bilingual group (French)","bilingual","French","T1",NA
"AE_PLF_5",2,1,1,1,2,4,4,8,"Bilingual group (French)","bilingual","French","T2",6
"AE_PLF_5",2,1,1,1,2,4,4,8,"Bilingual group (French)","bilingual","French","T3",8
"C_PLF_30",2,30,0,6,6,NA,3,NA,"Bilingual group (French)","bilingual","French","T1",NA
"C_PLF_30",2,30,0,6,6,NA,3,NA,"Bilingual group (French)","bilingual","French","T2",10
"C_PLF_30",2,30,0,6,6,NA,3,NA,"Bilingual group (French)","bilingual","French","T3",15
"D_PLF_7",2,40,6,6,12,1,1,2,"Bilingual group (French)","bilingual","French","T1",NA
"D_PLF_7",2,40,6,6,12,1,1,2,"Bilingual group (French)","bilingual","French","T2",11
"D_PLF_7",2,40,6,6,12,1,1,2,"Bilingual group (French)","bilingual","French","T3",9
"D_PLF_8",2,20,6,6,12,NA,NA,NA,"Bilingual group (French)","bilingual","French","T1",NA
"D_PLF_8",2,20,6,6,12,NA,NA,NA,"Bilingual group (French)","bilingual","French","T2",11
"D_PLF_8",2,20,6,6,12,NA,NA,NA,"Bilingual group (French)","bilingual","French","T3",7
"Y_PNF_4",2,30,6,6,12,1,1,2,"Bilingual group (French)","bilingual","French","T1",NA
"Y_PNF_4",2,30,6,6,12,1,1,2,"Bilingual group (French)","bilingual","French","T2",8
"Y_PNF_4",2,30,6,6,12,1,1,2,"Bilingual group (French)","bilingual","French","T3",5
"Y_PNF_9",NA,NA,NA,NA,NA,NA,NA,NA,"Bilingual group (French)","bilingual","French","T1",NA
"Y_PNF_9",NA,NA,NA,NA,NA,NA,NA,NA,"Bilingual group (French)","bilingual","French","T2",6
"Y_PNF_9",NA,NA,NA,NA,NA,NA,NA,NA,"Bilingual group (French)","bilingual","French","T3",8
"Y_PNF_11",NA,NA,NA,NA,NA,NA,NA,NA,"Bilingual group (French)","bilingual","French","T1",NA
"Y_PNF_11",NA,NA,NA,NA,NA,NA,NA,NA,"Bilingual group (French)","bilingual","French","T2",6
"Y_PNF_11",NA,NA,NA,NA,NA,NA,NA,NA,"Bilingual group (French)","bilingual","French","T3",NA
"Y_PNF_18",2,30,6,6,12,4,4,8,"Bilingual group (French)","bilingual","French","T1",NA
"Y_PNF_18",2,30,6,6,12,4,4,8,"Bilingual group (French)","bilingual","French","T2",7
"Y_PNF_18",2,30,6,6,12,4,4,8,"Bilingual group (French)","bilingual","French","T3",10
"Y_PNF_31",2,50,6,6,12,2,2,4,"Bilingual group (French)","bilingual","French","T1",NA
"Y_PNF_31",2,50,6,6,12,2,2,4,"Bilingual group (French)","bilingual","French","T2",10
"Y_PNF_31",2,50,6,6,12,2,2,4,"Bilingual group (French)","bilingual","French","T3",11
"Y_PNF_32",2,50,6,6,12,2,2,4,"Bilingual group (French)","bilingual","French","T1",NA
"Y_PNF_32",2,50,6,6,12,2,2,4,"Bilingual group (French)","bilingual","French","T2",11
"Y_PNF_32",2,50,6,6,12,2,2,4,"Bilingual group (French)","bilingual","French","T3",8
"Y_PNF_36",2,50,6,6,12,4,3,7,"Bilingual group (French)","bilingual","French","T1",NA
"Y_PNF_36",2,50,6,6,12,4,3,7,"Bilingual group (French)","bilingual","French","T2",8
"Y_PNF_36",2,50,6,6,12,4,3,7,"Bilingual group (French)","bilingual","French","T3",9
"Z_PLF_5",2,0,6,6,12,4,1,5,"Bilingual group (French)","bilingual","French","T1",NA
"Z_PLF_5",2,0,6,6,12,4,1,5,"Bilingual group (French)","bilingual","French","T2",6
"Z_PLF_5",2,0,6,6,12,4,1,5,"Bilingual group (French)","bilingual","French","T3",6
"Z_PLF_7",2,50,6,6,12,1,1,2,"Bilingual group (French)","bilingual","French","T1",NA
"Z_PLF_7",2,50,6,6,12,1,1,2,"Bilingual group (French)","bilingual","French","T2",8
"Z_PLF_7",2,50,6,6,12,1,1,2,"Bilingual group (French)","bilingual","French","T3",8
"Z_PLF_8",2,10,0,6,6,3,3,6,"Bilingual group (French)","bilingual","French","T1",NA
"Z_PLF_8",2,10,0,6,6,3,3,6,"Bilingual group (French)","bilingual","French","T2",11
"Z_PLF_8",2,10,0,6,6,3,3,6,"Bilingual group (French)","bilingual","French","T3",13
"AB_PLD_5",2,30,6,6,12,1,2,3,"Bilingual group (German)","bilingual","German","T1",NA
"AB_PLD_5",2,30,6,6,12,1,2,3,"Bilingual group (German)","bilingual","German","T2",11
"AB_PLD_5",2,30,6,6,12,1,2,3,"Bilingual group (German)","bilingual","German","T3",9
"AC_PLD_5",2,50,6,6,12,1,2,3,"Bilingual group (German)","bilingual","German","T1",NA
"AC_PLD_5",2,50,6,6,12,1,2,3,"Bilingual group (German)","bilingual","German","T2",12
"AC_PLD_5",2,50,6,6,12,1,2,3,"Bilingual group (German)","bilingual","German","T3",13
"AG_PLD_2",2,50,6,6,12,2,1,3,"Bilingual group (German)","bilingual","German","T1",NA
"AG_PLD_2",2,50,6,6,12,2,1,3,"Bilingual group (German)","bilingual","German","T2",8
"AG_PLD_2",2,50,6,6,12,2,1,3,"Bilingual group (German)","bilingual","German","T3",NA
"F_PLD_6",2,50,6,6,12,2,1,3,"Bilingual group (German)","bilingual","German","T1",NA
"F_PLD_6",2,50,6,6,12,2,1,3,"Bilingual group (German)","bilingual","German","T2",4
"F_PLD_6",2,50,6,6,12,2,1,3,"Bilingual group (German)","bilingual","German","T3",NA
"F_PLD_9",2,50,6,6,12,3,1,4,"Bilingual group (German)","bilingual","German","T1",NA
"F_PLD_9",2,50,6,6,12,3,1,4,"Bilingual group (German)","bilingual","German","T2",8
"F_PLD_9",2,50,6,6,12,3,1,4,"Bilingual group (German)","bilingual","German","T3",NA
"I_PLD_4",2,40,6,6,12,2,2,4,"Bilingual group (German)","bilingual","German","T1",NA
"I_PLD_4",2,40,6,6,12,2,2,4,"Bilingual group (German)","bilingual","German","T2",7
"I_PLD_4",2,40,6,6,12,2,2,4,"Bilingual group (German)","bilingual","German","T3",8
"J_PLD_6",2,50,4,4,8,1,1,2,"Bilingual group (German)","bilingual","German","T1",NA
"J_PLD_6",2,50,4,4,8,1,1,2,"Bilingual group (German)","bilingual","German","T2",9
"J_PLD_6",2,50,4,4,8,1,1,2,"Bilingual group (German)","bilingual","German","T3",10
"L_PLD_6",2,40,4,5,9,1,1,2,"Bilingual group (German)","bilingual","German","T1",NA
"L_PLD_6",2,40,4,5,9,1,1,2,"Bilingual group (German)","bilingual","German","T2",9
"L_PLD_6",2,40,4,5,9,1,1,2,"Bilingual group (German)","bilingual","German","T3",7
"M_PLD_2",2,20,6,6,12,2,2,4,"Bilingual group (German)","bilingual","German","T1",NA
"M_PLD_2",2,20,6,6,12,2,2,4,"Bilingual group (German)","bilingual","German","T2",5
"M_PLD_2",2,20,6,6,12,2,2,4,"Bilingual group (German)","bilingual","German","T3",6
"M_PLD_8",2,50,6,6,12,1,1,2,"Bilingual group (German)","bilingual","German","T1",NA
"M_PLD_8",2,50,6,6,12,1,1,2,"Bilingual group (German)","bilingual","German","T2",7
"M_PLD_8",2,50,6,6,12,1,1,2,"Bilingual group (German)","bilingual","German","T3",8
"M_PLD_9",2,20,6,6,12,2,2,4,"Bilingual group (German)","bilingual","German","T1",NA
"M_PLD_9",2,20,6,6,12,2,2,4,"Bilingual group (German)","bilingual","German","T2",10
"M_PLD_9",2,20,6,6,12,2,2,4,"Bilingual group (German)","bilingual","German","T3",8
"M_PLD_16",2,50,6,6,12,2,3,5,"Bilingual group (German)","bilingual","German","T1",NA
"M_PLD_16",2,50,6,6,12,2,3,5,"Bilingual group (German)","bilingual","German","T2",4
"M_PLD_16",2,50,6,6,12,2,3,5,"Bilingual group (German)","bilingual","German","T3",10
"O_PLD_1",2,30,6,6,12,2,1,3,"Bilingual group (German)","bilingual","German","T1",NA
"O_PLD_1",2,30,6,6,12,2,1,3,"Bilingual group (German)","bilingual","German","T2",7
"O_PLD_1",2,30,6,6,12,2,1,3,"Bilingual group (German)","bilingual","German","T3",11
"O_PLD_16",2,10,6,1,7,1,2,3,"Bilingual group (German)","bilingual","German","T1",NA
"O_PLD_16",2,10,6,1,7,1,2,3,"Bilingual group (German)","bilingual","German","T2",6
"O_PLD_16",2,10,6,1,7,1,2,3,"Bilingual group (German)","bilingual","German","T3",8
"O_PLD_19",2,20,6,6,12,1,2,3,"Bilingual group (German)","bilingual","German","T1",NA
"O_PLD_19",2,20,6,6,12,1,2,3,"Bilingual group (German)","bilingual","German","T2",8
"O_PLD_19",2,20,6,6,12,1,2,3,"Bilingual group (German)","bilingual","German","T3",7
"O_PLD_20",2,50,6,6,12,1,1,2,"Bilingual group (German)","bilingual","German","T1",NA
"O_PLD_20",2,50,6,6,12,1,1,2,"Bilingual group (German)","bilingual","German","T2",6
"O_PLD_20",2,50,6,6,12,1,1,2,"Bilingual group (German)","bilingual","German","T3",7
"AI_CP_12",1,NA,6,6,12,3,3,6,"Control group Portuguese","control","Portuguese","T1",NA
"AI_CP_12",1,NA,6,6,12,3,3,6,"Control group Portuguese","control","Portuguese","T2",12
"AI_CP_12",1,NA,6,6,12,3,3,6,"Control group Portuguese","control","Portuguese","T3",15
"AI_CP_18",NA,NA,NA,NA,NA,NA,NA,NA,"Control group Portuguese","control","Portuguese","T1",NA
"AI_CP_18",NA,NA,NA,NA,NA,NA,NA,NA,"Control group Portuguese","control","Portuguese","T2",8
"AI_CP_18",NA,NA,NA,NA,NA,NA,NA,NA,"Control group Portuguese","control","Portuguese","T3",NA
"AI_CP_19",1,NA,6,6,12,5,3,8,"Control group Portuguese","control","Portuguese","T1",NA
"AI_CP_19",1,NA,6,6,12,5,3,8,"Control group Portuguese","control","Portuguese","T2",12
"AI_CP_19",1,NA,6,6,12,5,3,8,"Control group Portuguese","control","Portuguese","T3",13
"AK_CP_8",1,NA,6,6,12,1,2,3,"Control group Portuguese","control","Portuguese","T1",NA
"AK_CP_8",1,NA,6,6,12,1,2,3,"Control group Portuguese","control","Portuguese","T2",8
"AK_CP_8",1,NA,6,6,12,1,2,3,"Control group Portuguese","control","Portuguese","T3",8
"AA_PLF_12",2,50,6,6,12,1,2,3,"Bilingual group (French)","bilingual","French","T1",NA
"AA_PLF_12",2,50,6,6,12,1,2,3,"Bilingual group (French)","bilingual","French","T2",NA
"AA_PLF_12",2,50,6,6,12,1,2,3,"Bilingual group (French)","bilingual","French","T3",8
"AD_PLF_28",2,20,6,6,12,2,3,5,"Bilingual group (French)","bilingual","French","T1",NA
"AD_PLF_28",2,20,6,6,12,2,3,5,"Bilingual group (French)","bilingual","French","T2",NA
"AD_PLF_28",2,20,6,6,12,2,3,5,"Bilingual group (French)","bilingual","French","T3",15
"D_PLF_9",2,10,6,6,12,2,2,4,"Bilingual group (French)","bilingual","French","T1",NA
"D_PLF_9",2,10,6,6,12,2,2,4,"Bilingual group (French)","bilingual","French","T2",NA
"D_PLF_9",2,10,6,6,12,2,2,4,"Bilingual group (French)","bilingual","French","T3",9
"D_PLF_10",2,NA,6,6,12,1,1,2,"Bilingual group (French)","bilingual","French","T1",NA
"D_PLF_10",2,NA,6,6,12,1,1,2,"Bilingual group (French)","bilingual","French","T2",NA
"D_PLF_10",2,NA,6,6,12,1,1,2,"Bilingual group (French)","bilingual","French","T3",8
"Y_PNF_5",NA,NA,NA,NA,NA,NA,NA,NA,"Bilingual group (French)","bilingual","French","T1",NA
"Y_PNF_5",NA,NA,NA,NA,NA,NA,NA,NA,"Bilingual group (French)","bilingual","French","T2",NA
"Y_PNF_5",NA,NA,NA,NA,NA,NA,NA,NA,"Bilingual group (French)","bilingual","French","T3",6
"Z_PLF_6",2,30,6,6,12,1,1,2,"Bilingual group (French)","bilingual","French","T1",NA
"Z_PLF_6",2,30,6,6,12,1,1,2,"Bilingual group (French)","bilingual","French","T2",NA
"Z_PLF_6",2,30,6,6,12,1,1,2,"Bilingual group (French)","bilingual","French","T3",9
"AC_PLD_4",2,20,5,3,8,3,1,4,"Bilingual group (German)","bilingual","German","T1",NA
"AC_PLD_4",2,20,5,3,8,3,1,4,"Bilingual group (German)","bilingual","German","T2",NA
"AC_PLD_4",2,20,5,3,8,3,1,4,"Bilingual group (German)","bilingual","German","T3",6
"L_PLD_4",2,25,5,5,10,2,2,4,"Bilingual group (German)","bilingual","German","T1",NA
"L_PLD_4",2,25,5,5,10,2,2,4,"Bilingual group (German)","bilingual","German","T2",NA
"L_PLD_4",2,25,5,5,10,2,2,4,"Bilingual group (German)","bilingual","German","T3",7
"L_PLD_14",2,40,6,6,12,2,1,3,"Bilingual group (German)","bilingual","German","T1",NA
"L_PLD_14",2,40,6,6,12,2,1,3,"Bilingual group (German)","bilingual","German","T2",NA
"L_PLD_14",2,40,6,6,12,2,1,3,"Bilingual group (German)","bilingual","German","T3",7
"L_PLD_19",2,40,6,6,12,2,2,4,"Bilingual group (German)","bilingual","German","T1",NA
"L_PLD_19",2,40,6,6,12,2,2,4,"Bilingual group (German)","bilingual","German","T2",NA
"L_PLD_19",2,40,6,6,12,2,2,4,"Bilingual group (German)","bilingual","German","T3",13
"M_PLD_5",NA,NA,NA,NA,NA,NA,NA,NA,"Bilingual group (German)","bilingual","German","T1",NA
"M_PLD_5",NA,NA,NA,NA,NA,NA,NA,NA,"Bilingual group (German)","bilingual","German","T2",NA
"M_PLD_5",NA,NA,NA,NA,NA,NA,NA,NA,"Bilingual group (German)","bilingual","German","T3",8
"M_PLD_6",NA,NA,NA,NA,NA,NA,NA,NA,"Bilingual group (German)","bilingual","German","T1",NA
"M_PLD_6",NA,NA,NA,NA,NA,NA,NA,NA,"Bilingual group (German)","bilingual","German","T2",NA
"M_PLD_6",NA,NA,NA,NA,NA,NA,NA,NA,"Bilingual group (German)","bilingual","German","T3",8
"M_PLD_14",2,NA,6,6,12,1,1,2,"Bilingual group (German)","bilingual","German","T1",NA
"M_PLD_14",2,NA,6,6,12,1,1,2,"Bilingual group (German)","bilingual","German","T2",NA
"M_PLD_14",2,NA,6,6,12,1,1,2,"Bilingual group (German)","bilingual","German","T3",11
"AK_CP_25",1,NA,6,6,12,2,2,4,"Control group Portuguese","control","Portuguese","T1",NA
"AK_CP_25",1,NA,6,6,12,2,2,4,"Control group Portuguese","control","Portuguese","T2",NA
"AK_CP_25",1,NA,6,6,12,2,2,4,"Control group Portuguese","control","Portuguese","T3",11
