SubjectID,Sex,Age,NativeLanguage,NativeLanguage2,OtherNativeLanguage,Country,Town,KnowledgeDialect,UseDialect,Tussentaal,German,GermanClass
bpz8dxazqr5o3kkun5fa1ofjq6z7pfp3,male,27,mono-Dutch,NA,NA,NL,NA,nee,NA,NA,A1,nee 
92mlbn6gb4hxkmw3oancab3u78hp5hy1,female,34,mono-Dutch,NA,NA,NL,Haren,ja,1,NA,A1,ja 
zm5xhocjjwn7aaefsaeqapw3l25u7s1s,female,23,mono-Dutch,NA,NA,NL,Wijchen,nee,NA,NA,A1,ja 
3lkewt87ebtmu94k62qxjwyzt9ktv50n,male,51,mono-Dutch,NA,NA,BE,Maasmechelen,ja,1,2,A2,nee 
py8gvus83e1qpg3oe5nmfkfgn0jf1x03,female,23,mono-Dutch,NA,NA,NL,Veldhoven,nee,NA,NA,A1,ja 
r2mwr8g88ks3tfrmf4jfss7la99qckfx,female,27,mono-Dutch,NA,NA,NL,Eindhoven,nee,NA,NA,A2,ja 
kdb5y777cl1kxytxehvu1qmw0sptgur9,female,23,mono-Dutch,NA,NA,NL,Delft,nee,NA,NA,A2,ja 
bfbcgrukzt6007l0rketpr3vt8p4y5sg,female,25,mono-Dutch,NA,NA,NL,IJsselstein,nee,NA,NA,A1,ja 
yjg84vsx3xv56c7ekcgnzebfxo3bh1mr,female,23,mono-Dutch,NA,NA,NL,Tiel,nee,NA,NA,A1,ja 
0rmtvo01rhoqnlkzsljs83nkab13vh5j,female,25,mono-Dutch,NA,NA,NL,Eindhoven,nee,NA,NA,A1,ja 
pjh7xoxzvakksot6qex5ov2ef9yme7ck,female,32,mono-Dutch,NA,NA,NL,Capelle aan den IJssel,nee,NA,NA,A2,ja 
ob7q9rzv978ov5x5eg8u53f2yrfqxfzh,male,32,mono-Dutch,NA,NA,BE,Maaseik,ja,2,2,B2,ja 
nz3okaqdertgddqeoylmx2hkjdeeyh2j,female,51,mono-Dutch,NA,NA,NL,Groningen,ja,2,NA,B2,ja 
5t6owzhkgjqexeungghc1h6h4u1r9vx2,female,34,mono-Dutch,NA,NA,NL,Nijmegen,nee,NA,NA,B1,ja 
1o1ez7beujndl15gfaqq1kkj34egdu8n,female,21,mono-Dutch,NA,NA,NL,Haren,nee,NA,NA,B1,ja 
ex52dxkt4ttch3z0fv40bxuxo3csk6te,male,18,mono-Dutch,NA,NA,NL,Zundert,ja,1,NA,A1,ja 
y22w2x1psgdnvcqn2n9ufqtpnv0cwr13,male,19,mono-Dutch,NA,NA,NL,Groningen,ja,1,NA,B1,ja 
kb15c8l2dg6k5zjgfblwo486dpg7gxe4,male,18,mono-Dutch,NA,NA,NL,Assen,nee,NA,NA,A2,ja 
s7mjalghtr8dut8qyjgd510qj1pjws78,male,19,mono-Dutch,NA,NA,NL,Winterswijk,nee,NA,NA,B1,ja 
hd5wvtp9ecf7ua6o5cphzmssvvbbpo4j,female,20,mono-Dutch,NA,NA,NL,Woerden,nee,NA,NA,B2,ja 
9jamouk6673lx7awu7gcuz7p5925cffq,female,21,mono-Dutch,NA,NA,NL,Assen,nee,NA,NA,A2,ja 
tt4ywzemlzv5mogqxx9mh68kpec5189h,female,22,mono-Dutch,NA,NA,NL,NA,ja,1,NA,A1,ja 
tz4ckrlmdl7rt2rs9mw2cucos94at4ws,female,20,mono-Dutch,NA,NA,NL,Raalte,nee,NA,NA,A2,ja 
tzg0jdc7n8zzaglj0m2q4k12fuktzww6,female,20,mono-Dutch,NA,NA,NL,Assen,nee,NA,NA,A1,ja 
vy695hy2collmvz9jdc4pl755wz5qs6a,male,18,mono-Dutch,NA,NA,NL,Emmen,nee,NA,NA,A2,ja 
znace2gl5m9lqv4x4spm171a2cf6tk88,female,17,mono-Dutch,NA,NA,NL,Apeldoorn,nee,NA,NA,A1,ja 
xblooxwyjo7c3o6plw310270f4kzuqwn,male,26,bi-Dutch,Fries,NA,NL,Achtkarspelen,nee,NA,NA,C1,ja 
74lc0keao277k22gobq7xo2tgbtvckg1,female,19,mono-Dutch,NA,NA,NL,Zuidhorn,ja,1,NA,A1,ja 
3qkef9xj2uecqm332fhnaxu0d3tk5kl5,female,19,mono-Dutch,NA,NA,BE,Lovendegem,nee,NA,3,A1,ja 
ppb8crp33j9exc4zsc62tzjmqxvvpdlo,female,21,mono-Dutch,NA,NA,NL,Assen,nee,NA,NA,A1,ja 
gvtvtrnylskswnjsalwgaztf97bev8fo,female,21,mono-Dutch,NA,NA,BE,Wuustwezel,ja,2,3,B1,ja 
k50xpbxfbxjcpltrxx60pe6ul9cx0k9l,female,18,mono-Dutch,NA,NA,BE,Ieper,ja,3,3,A2,ja 
apwa80aaso5st63hs277or7zt2gxrn22,female,19,mono-Dutch,NA,NA,BE,Brugge,ja,2,3,A1,ja 
tt5b0m33mg81luydzufqqux4or1u6zcs,female,21,mono-Dutch,NA,NA,BE,Anzegem,ja,1,4,A2,ja 
8mrw296nuu6tzaxh7ey54t70lqj4ghho,female,58,mono-Dutch,NA,NA,NL,Haarlem,nee,NA,NA,B2,ja 
yfh4295s8k0r3nqly8pre6p6q4lqm88r,female,21,mono-Dutch,NA,NA,NL,Groningen,ja,0,NA,A1,ja 
xo1pt8e6fgkwe58ottxmrd9qrro8bbge,female,18,mono-Dutch,NA,NA,BE,Veurne,nee,NA,2,B1,ja 
0uf2dm0k0k8v9jzg7htm6rbglw94axu2,female,18,mono-Dutch,NA,NA,BE,Beveren-Waas,ja,2,3,A0,nee 
fw5ysu0w52fz676rlqz4etv2x79zykmd,female,19,mono-Dutch,NA,NA,NL,Montferland,nee,NA,NA,A1,ja 
7xk33yvfdfnuwafxqjhtgx6wm9nfyhvk,female,35,mono-Dutch,NA,NA,NL,Den Haag,nee,NA,NA,A2,ja 
fwv1ez3ewd8v0fkryonb6gkf66johggc,female,18,mono-Dutch,NA,NA,BE,Ninove,nee,NA,3,B2,ja 
k8qa43ddxs0dw2pn93tekl6y9mjbnh03,female,21,mono-Dutch,NA,NA,NL,Zwolle,nee,NA,NA,A1,ja 
ekhal5ph5gx1h85xwobtfxl1g60xv1j0,female,52,bi-Dutch,Limburgs,NA,NL,Sittard-Geleen,ja,3,NA,B2,ja 
5pmgombgj5ckg485kwb4s1a25d5ck793,female,25,mono-Dutch,NA,NA,BE,Lissewege,ja,3,3,B2,ja 
po7xe4m5x7c2q6ufkdukk8znrboxsao5,female,27,mono-Dutch,NA,NA,BE,Brugge,nee,NA,2,A2,ja 
x81dl0hfz3mggpnhey9bfen8032ahp37,male,25,bi-Dutch,Engels,NA,BE,Aalst,nee,NA,2,A2,ja 
recnr5th5jpvted8jcpf2vkt9367qce8,female,31,mono-Dutch,NA,NA,BE,Lokeren,ja,1,3,A0,ja 
1bgeet79cqtza3222uaap76shzdg6cxj,female,19,mono-Dutch,NA,NA,NL,Vlagtwedde,ja,0,NA,C1,ja 
cqara8jva2n2t4tq7zs8egf50r0vpzoc,female,22,mono-Dutch,NA,NA,BE,Strombeek-Bever,nee,NA,4,A2,ja 
0f1xytykbzobjal0l4avm4anrpmqjn6t,male,20,mono-Dutch,NA,NA,BE,Heist-op-den-Berg,ja,1,3,A2,ja 
prmu6clotj2lu68alk8zlpg55t6es2k7,female,24,mono-Dutch,NA,NA,BE,Moerbeke-Waas,nee,NA,3,A2,ja 
cpp6osp9vfy6z6o4dnql2a8lptrzko9v,female,23,mono-Dutch,NA,NA,BE,Boom,nee,NA,2,A0,ja 
y489pdezxwzfkant3p46cfoytzydaf1r,male,20,mono-Dutch,NA,NA,NL,Oude IJsselstreek,nee,NA,NA,A1,ja 
4euelszlg9zz5t6ppj4yej0ppqjwdqwk,female,21,mono-Dutch,NA,NA,BE,Ledegem,ja,3,3,A0,ja 
hbv16k6t6mz0rm4r0yg76sesf4lps9z6,male,50,mono-Dutch,NA,NA,BE,Lede,ja,3,3,A1,ja 
fwwlcqm4lhknhhpzab76tlqp93yovnld,female,25,mono-Dutch,NA,NA,BE,Gent,nee,NA,2,A1,ja 
p85q7wkap960414cpxskrm272sbq6gtg,female,26,mono-Dutch,NA,NA,NL,Groningen,ja,0,NA,A2,ja 
g93bxeeebdzbytqukysljjehgcys0ndw,female,60,mono-Dutch,NA,NA,NL,Groningen,nee,NA,NA,B1,ja 
jt53ja2uvs18lcx3ug7a7v7gtvxve3hm,female,21,mono-Dutch,NA,NA,BE,Landegem,nee,NA,3,A1,ja 
nb0pfuxdsjhahwjf0xppqol718zcj20j,female,21,mono-Dutch,NA,NA,NL,Renkum,nee,NA,NA,B2,ja 
wu90yt8aoffvnfprleocgzwan70338hx,male,61,mono-Dutch,NA,NA,BE,Merelbeke,ja,2,2,A1,ja 
es18zx5dtchsbqdqmwer41yocdvvy882,female,19,mono-Dutch,NA,NA,NL,Groningen,nee,NA,NA,A1,ja 
kts9d4s36gw8l8oywjgl7ztku85dmbdm,female,23,mono-Dutch,NA,NA,BE,Brugge,nee,NA,3,B1,ja 
zsjvfqhcp7j6w5b2zutljjbsr0hbb8uq,female,42,other,NA,"Middelbaar: Frans (8 jaar), Engels (4 jaar), Duits (2 jaar). Volwassenenonderwijs: Spaans (5 jaar)",BE,Eeklo,ja,1,3,A1,ja 
4v1ohcclua6s9gv2etowgc6o0y1ce0dk,female,18,mono-Dutch,NA,NA,BE,Oeselgem,ja,1,3,B2,ja 
sufaxr2g4qnkxhscypy5akzuld4zdptb,female,19,mono-Dutch,NA,NA,BE,Aalter,nee,NA,3,A1,ja 
f053bb1qkscl4j7amtnaxkt2b083efwg,female,21,mono-Dutch,NA,NA,BE,Liedekerke,nee,NA,4,A1,ja 
jbtese7z4l80rv1frabls93uj1dmww3v,female,31,mono-Dutch,NA,NA,BE,Londerzeel,nee,NA,3,A2,ja 
674w9pzume39vsle80jgfaunpunrouef,female,20,mono-Dutch,NA,NA,BE,Gent,nee,NA,3,C1,ja 
ud0pxapgjwvkllbxco015v01hjr52mz6,male,28,mono-Dutch,NA,NA,NL,Apeldoorn,nee,NA,NA,B2,ja 
xe9vbdbvfwg5lc68laqcxwt12pl6kl7r,female,21,mono-Dutch,NA,NA,BE,Merksem,nee,NA,4,A0,ja 
zt92vvphr5lpsxomcr9wyldvdkk14p7g,male,21,mono-Dutch,NA,NA,BE,Vilvoorde,nee,NA,3,C1,ja 
3l6nopwv4mg4rmpxe69rzt6ssr4ur9mz,female,19,mono-Dutch,NA,NA,BE,Sint-Ulriks-Kapelle,nee,NA,4,A1,ja 
yrb5ggzs5e2mc9lawulum8wjob9qcgal,female,19,mono-Dutch,NA,NA,NL,Zuidhorn,nee,NA,NA,A2,ja 
ty0a50pt2xddpygvfegj3t6aq72j3od7,female,22,mono-Dutch,NA,NA,BE,Lokeren,ja,1,3,A2,ja 
yjar3zgho9hb0c5t56ubjm4whohxcase,male,37,mono-Dutch,NA,NA,BE,Hooglede,ja,1,3,A1,ja 
df8t2tlkzuxsm2sj9xnslmt0zwcr6q4r,male,64,mono-Dutch,NA,NA,NL,Amsterdam,nee,NA,NA,B1,ja 
wau89ml4jtnacqxn3b10ffe4t5grb3oe,female,26,mono-Dutch,NA,NA,BE,Belsele,ja,2,3,A1,ja 
jo03tjrnxb35m885wlsyubfscag00cnf,female,22,mono-Dutch,NA,NA,BE,Erpe-Mere,nee,NA,3,A1,ja 
beao9wrf05dfckmgcarzdd4khf9a044c,female,28,mono-Dutch,NA,NA,BE,Evergem,ja,2,4,A1,ja 
wfvsutvl8622839jrtv3tatp9ugwxdw7,female,18,mono-Dutch,NA,NA,BE,Merelbeke,nee,NA,4,A2,ja 
rmy5jfa1s7omtv2exqnhqwfm2yz5awc2,female,21,mono-Dutch,NA,NA,NL,Ommen,nee,NA,NA,B1,ja 
acwuaae1mtqazetd7jf5fzsckmwxbch8,male,57,mono-Dutch,NA,NA,NL,Goes,ja,1,NA,B1,ja 
axmagmd43dl64jnjkwao73taweqa2wbo,female,23,mono-Dutch,NA,NA,BE,Oudenaarde,nee,NA,3,A2,ja 
nndzjn87c80vugjtvn70thedzfoqux5q,male,18,mono-Dutch,NA,NA,BE,Essen,nee,NA,3,B1,ja 
a5djkwhtc9bkbq0zyef6bmcsvmpjcbcq,female,26,mono-Dutch,NA,NA,NL,Zwolle,nee,NA,NA,A1,ja 
bax14so4z1nmeg5yupfws9cws1afj7ro,female,41,mono-Dutch,NA,NA,NL,Smallingerland,nee,NA,NA,A2,ja 
ek48sp69x8sufval4zn1cxapfycf9xdp,female,19,mono-Dutch,NA,NA,BE,Dendermonde,nee,NA,4,A1,ja 
fkbwhuf7db5mw2vmdl4sux5fms9el24z,male,38,mono-Dutch,NA,NA,BE,Neeroeteren,ja,1,1,A1,nee 
e6z46cd17om4r5s23s7n8jgdrsy0fzy1,male,18,mono-Dutch,NA,NA,BE,Sint-Amandsberg,ja,0,3,B2,ja 
wu2qrb8s7eam80rsbt5odx64yvonxxfe,male,19,mono-Dutch,NA,NA,BE,Oudegem,nee,NA,4,A2,ja 
96bp0d8fmtklg7b5ergyz8u372sgwf86,male,48,bi-Dutch,Frans,NA,BE,Gent,nee,NA,1,B1,nee 
ollmtlbkqh277581bgw6z5o6xzl40pro,female,20,mono-Dutch,NA,NA,BE,Geraardsbergen,nee,NA,4,A0,nee 
eh44my70lytqzyo65e6d0umyq9r02jpm,male,21,mono-Dutch,NA,NA,NL,Nijmegen,nee,NA,NA,C2,ja 
ql7djny7atm2ozp25lhmf32selg8sg3v,male,20,mono-Dutch,NA,NA,BE,Groot-Bijgaarden,nee,NA,3,A2,ja 
kgmztbyf18q8rwj3z0c0vfjbxogjr3h4,female,23,bi-Dutch,Fries,NA,NL,Heerenveen,nee,NA,NA,A1,ja 
j5vl760tht5f6s70k9xjt525nsz7tbj2,male,66,mono-Dutch,NA,NA,NL,NA,nee,NA,NA,B2,ja 
1t2sexy0rzjpzscp4jqrxjhal05pv4n3,male,20,mono-Dutch,NA,NA,BE,Zonhoven,nee,NA,4,A1,ja 
omrctf55lc5jl6q6eqdny0ce2c7utzyz,female,21,mono-Dutch,NA,NA,BE,Alken,ja,1,3,A1,ja 
fkv738u60ozd1z7outkqa2p27mf474h2,female,19,mono-Dutch,NA,NA,BE,Sint-Gillis-Waas,nee,NA,3,A1,ja 
9qc3q67xs4mv7sqnslj4d23d9qyd2au1,female,29,mono-Dutch,NA,NA,BE,Ursel,ja,3,3,A1,ja 
y41e8gj1x6g5gu7oofmy835309an00tt,female,19,mono-Dutch,NA,NA,BE,Denderbelle,nee,NA,4,A0,ja 
a2zzd2y273l8fu9x4xzy9kslhrh9drcr,female,18,mono-Dutch,NA,NA,BE,Zottegem,nee,NA,3,A2,ja 
k74jlln57fk3h7k1f48lkrufet6g0m6v,female,20,mono-Dutch,NA,NA,BE,Brugge,nee,NA,4,A1,ja 
mbkkwm2t0713jo9j2v702vv20rjzt02s,female,25,other,NA,engels,UK,NA,nee,NA,NA,B1,ja 
nn9zl4ptneuswey603zfq1zl7y4hq9tw,female,19,bi-Dutch,Fries,NA,NL,Heerenveen,nee,NA,NA,A1,ja 
8azgz7kwfr8hq3b0jt0xoude1y09nvgx,male,30,mono-Dutch,NA,NA,NL,Roosendaal,nee,NA,NA,A2,ja 
wp2qarw39xvd9uc023hevfu9rnrfvf4c,female,27,mono-Dutch,NA,NA,NL,Grootegast,nee,NA,NA,A1,ja 
p33sr0x45sva3cka7dmdqo9y8ddyx8ft,female,32,mono-Dutch,NA,NA,NL,Ferwerderadeel,nee,NA,NA,B1,ja 
ptapahyd1470xn740xzf94fkfejhcwqo,female,25,mono-Dutch,NA,NA,NL,Barneveld,nee,NA,NA,B1,ja 
kpwf65kf81kfbjnj3e9k8qgwl7ual5yw,female,24,mono-Dutch,NA,NA,NL,Amsterdam,nee,NA,NA,B1,ja 
gte1qlud1krp34vp49cqrevprakzq237,female,26,mono-Dutch,NA,NA,NL,Groningen,nee,NA,NA,A0,ja 
2x6sfj318dv2085sgbpro6q47gogmd7z,female,26,mono-Dutch,NA,NA,NL,Dalfsen,nee,NA,NA,C1,ja 
hej7h24bhs456foxs5as8zrdhl8vpdsu,female,30,mono-Dutch,NA,NA,NL,Apeldoorn,nee,NA,NA,B1,ja 
jnju1zsnad6ycqru5kykd6mawnlj88zg,female,64,mono-Dutch,NA,NA,NL,Enschede,ja,1,NA,C1,ja 
3jlpeq79f9lqhrf9jbe0yyhe9wtfy4av,male,24,bi-Dutch,Fries,NA,NL,Súdwest-Fryslân,nee,NA,NA,A1,ja 
fkbw51xo62kuzftnljpypfc044pw2fqh,female,23,mono-Dutch,NA,NA,NL,Waddinxveen,nee,NA,NA,B1,ja 
ph3nq30nuwb2br10ob4nvy9c0p00svb4,female,51,bi-Dutch,Fries,NA,NL,Menaldumadeel,nee,NA,NA,B1,ja 
g8exyjxujkt9k2mqye9eo6j0vcwf9sly,female,20,mono-Dutch,NA,NA,BE,Gent,nee,NA,3,A1,ja 
85pgppo0jyojnb9vxa31wfmq3x6ydo8g,female,20,mono-Dutch,NA,NA,NL,Heerenveen,nee,NA,NA,A2,ja 
xbqeznlm9t6mxtmyqethp2wuwexf8jz9,female,19,mono-Dutch,NA,NA,NL,Hardenberg,nee,NA,NA,A1,ja 
ssrhzqnzlqw678tbly6z45f0kgkqwshl,female,37,mono-Dutch,NA,NA,NL,Ede,nee,NA,NA,B2,ja 
76emsumlae6sd7s5p9hdjq76txjs79eq,female,31,mono-Dutch,NA,NA,NL,Hulst,nee,NA,NA,A1,ja 
csespfh1g6soebhthvws6hs11xaco0l8,male,31,mono-Dutch,NA,NA,NL,Amsterdam,nee,NA,NA,A2,ja 
0r2g5ss083g6ath2hnerzhz6t70zadq4,female,18,mono-Dutch,NA,NA,BE,Haaltert,nee,NA,3,A0,ja 
pxfumrehjq8sp6um6mr41nv5m4dk1l2e,female,37,mono-Dutch,NA,NA,NL,NA,nee,NA,NA,B1,ja 
cm4nbsyekuxftxdk1mlz2qd52s0p7mf3,female,65,mono-Dutch,NA,NA,NL,Kampen,nee,NA,NA,B2,ja 
dlsfn7w2tf3gjxau4bmzmm8w9fcjfvj3,male,39,mono-Dutch,NA,NA,NL,Bloemendaal,nee,NA,NA,A1,ja 
cdw6upmzrcoqyn1uwuaz0ljyu9lkz317,male,19,mono-Dutch,NA,NA,BE,Loppem,ja,3,3,B2,ja 
20z2p6covu461rabue8p7m8dgvxvshfz,female,21,bi-Dutch,Duits,NA,DE,NA,nee,NA,NA,C2,ja 
ml2kpcer7ewlc7t2ufwkwwrq916wkfbx,female,25,bi-Dutch,Zweeds,NA,NL,NA,nee,NA,NA,B1,ja 
2737en585mdczxytltq657sxlucxfadl,female,21,mono-Dutch,NA,NA,NL,Emmen,nee,NA,NA,A0,ja 
j3w3f3nbf9lmaa54who4ylowpxejwzbw,female,24,mono-Dutch,NA,NA,NL,Baarn,nee,NA,NA,A2,ja 
ne74l064qscymkkmg95kckt2l8thdh0b,female,31,mono-Dutch,NA,NA,NL,Oldenzaal,nee,NA,NA,A2,ja 
f8oyv7ohwf6bvxmc7tqwdzq6pn26g4lh,female,19,mono-Dutch,NA,NA,NL,Noordenveld,nee,NA,NA,A1,ja 
cpb4g0s50arzetogcnyna88w10zumcg9,male,34,bi-Dutch,Frans,NA,CH,NA,nee,NA,NA,B2,ja 
f5ht0t12zqrhrugklusvoazavxpzw1c6,male,55,mono-Dutch,NA,NA,NL,Oss,ja,1,NA,C2,ja 
o9a6qraksdpmgbsj92ax37z1sor7fres,female,23,mono-Dutch,NA,NA,NL,Weert,ja,2,NA,A0,ja 
gaqy0o6wket9dgywk2zmwxeyxu0k7xal,female,19,mono-Dutch,NA,NA,NL,Schagen,nee,NA,NA,A1,ja 
mqjrj43mrongacqfth6sdv7rmvmqw3mt,female,34,mono-Dutch,NA,NA,BE,Waarschoot,ja,1,3,A1,ja 
ctm3vjcws5b5v5opuel4h6gf13ug1x9w,male,19,bi-Dutch,Frans,NA,BE,Kraainem,nee,NA,4,B2,ja 
y4cz79mkyyg5sltnw6v1ofz25tqldaqy,female,28,mono-Dutch,NA,NA,NL,Wageningen,nee,NA,NA,A1,ja 
9pyof182a247ctvd3fjvdo2u6m7oty79,female,26,mono-Dutch,NA,NA,NL,Coevorden,nee,NA,NA,A2,ja 
me8r7yvax2adycowyttv02xhr8j78uoy,female,19,mono-Dutch,NA,NA,NL,Groningen,nee,NA,NA,B1,ja 
9t596yuop5eyv39yetkf2m1wdqzk8378,female,19,mono-Dutch,NA,NA,BE,Gent,ja,1,3,A0,nee 
we2j04qx7bun3tvfhude506jjuk0gt7q,female,19,mono-Dutch,NA,NA,BE,Beveren-Waas,nee,NA,3,A1,ja 
ewnso4u0r4oat5yow2hjhbd265lo1rlb,female,21,mono-Dutch,NA,NA,BE,Asse,nee,NA,4,A0,nee 
hwuoscobzaozzwr2r66zr6j7k4nhtwjj,female,19,mono-Dutch,NA,NA,BE,Lichtervelde,ja,2,3,B1,ja 
balfpepgv55tv9tue12dveqg72f76hda,female,36,mono-Dutch,NA,NA,BE,Sint-Niklaas,ja,1,4,A1,ja 
e4eorx20c0w13gyam1qda2h5arnpkj9f,female,27,mono-Dutch,NA,NA,NL,Bergen (Limburg),ja,0,NA,B1,ja 
padkdta90os0tsxar83bktcx8n15mfby,female,19,mono-Dutch,NA,NA,NL,Enschede,nee,NA,NA,B1,ja 
yjoehtw4vfcxuf3otyyo9mzusu2mxblp,female,20,mono-Dutch,NA,NA,BE,Antwerpen,nee,NA,4,A0,nee 
8v856ocf55c2j3gk5scv8b16ysvz9kl1,male,21,bi-Dutch,Fries,NA,NL,Leeuwarden,nee,NA,NA,A2,ja 
pjbzcy7tjsjnodm921kcd1yb3gw4wdcq,female,19,mono-Dutch,NA,NA,NL,Zwartewaterland,ja,1,NA,A1,ja 
f07k64460m3j7jfq75wm39coqtq3854s,male,19,mono-Dutch,NA,NA,NL,Groningen,ja,1,NA,A2,ja 
jq9qo4llsk2stqkyzfdm1m95ggdlvjyh,female,19,mono-Dutch,NA,NA,NL,Schagen,nee,NA,NA,A2,ja 
mrqk9nl6b91y17db2suyuf38xhknta92,female,26,mono-Dutch,NA,NA,NL,Doetinchem,nee,NA,NA,B2,ja 
bsvs44jumhjsuq00xxvc7hw31gbo8tr2,female,27,mono-Dutch,NA,NA,NL,Groningen,nee,NA,NA,A1,ja 
v15yjtmp4u4kkrp0b3fu53fogovtmcwc,female,21,other,NA,Duits,DE,NA,nee,NA,NA,C2,ja 
q3rhkjsr43ekj4yo2eraaz8mzwkf3nq4,female,19,mono-Dutch,NA,NA,NL,Enschede,nee,NA,NA,B1,ja 
w5e8k1ek53uztw7u4gzyyfmuwqtme6c3,female,57,mono-Dutch,NA,NA,US,NA,nee,NA,NA,B2,ja 
22ozdsk3g6mr0kunxwpslgkus5jqrfyc,male,29,mono-Dutch,NA,NA,NL,Brunssum,nee,NA,NA,B2,ja 
oex6xw4elvpwzsna79pk9dza3spwkzws,male,39,mono-Dutch,NA,NA,BE,Brugge,ja,3,2,A0,ja 
5p7q5tgpumnm069gr9z0dyxovewhcvn1,male,40,mono-Dutch,NA,NA,BE,Alken,nee,NA,3,B2,ja 
lcej5vjnna4xtp5e9vwg437chmmjhsal,male,46,bi-Dutch,Spaans,NA,NL,Montfoort,ja,0,NA,B1,ja 
dp1nebu88tur5ej9ux7lndou567ws3gw,male,46,mono-Dutch,NA,NA,NL,Den Helder,ja,1,NA,B1,ja 
4ucnxpte2bywb3hu3ktq84g24ffgpzrm,male,55,mono-Dutch,NA,NA,BE,Aarschot,nee,NA,3,A1,nee 
1phml6a3mtgas40f8o5jjzf74wahb5x1,female,32,mono-Dutch,NA,NA,NL,Westland,nee,NA,NA,B1,ja 
v9gzw944oddoe421svm0hb9h4v4zyv37,male,42,mono-Dutch,NA,NA,NL,Teylingen,nee,NA,NA,B1,ja 
pq3db7su71xmlcmn64bqyzjflzzc3cgf,female,31,bi-Dutch,Fries,NA,NL,Tietjerksteradeel,nee,NA,NA,A2,ja 
3u5gd0cpd87lh8lvcvtb124qvanywyoq,female,25,mono-Dutch,NA,NA,BE,Noorderwijk,ja,2,3,A1,ja 
ne343opm2wztt9yuq2oqz2me5j3b3122,female,34,mono-Dutch,NA,NA,NL,NA,nee,NA,NA,A2,ja 
ne343opm2wztt9yuq2oqz2me5j3b3122,female,34,mono-Dutch,NA,NA,NL,NA,nee,NA,NA,A2,ja 
la68f0ewsq3h2b78r53ovetydehvj05c,male,53,mono-Dutch,NA,NA,NL,Nijmegen,nee,NA,NA,A2,ja 
tkjgxnmrkvo041pk3gmesdxxhyxflqva,male,35,mono-Dutch,NA,NA,NL,Boxtel,nee,NA,NA,A1,ja 
zf50z25tq9u7qy2u8n4xj66hyodtrshq,female,34,mono-Dutch,NA,NA,NL,Zoetermeer,nee,NA,NA,C1,ja 
tw57fp72or0g3pkdkmltt8f8ydpyvnr9,female,37,mono-Dutch,NA,NA,NL,Amsterdam,nee,NA,NA,B1,ja 
164otkvjpewdry2zlr84g70b9aj68ug9,male,54,bi-Dutch,Fries,NA,NL,Smallingerland,nee,NA,NA,B2,ja 
om3f1g4s0nknn5d41qlav8r7qaxvraam,female,27,mono-Dutch,NA,NA,BE,Leuven,nee,NA,3,A1,ja 
xjd91bk1b1dp7d967l52kxojebrcoyyb,female,30,mono-Dutch,NA,NA,NL,Nijkerk,nee,NA,NA,A2,ja 
nqya2rhdjxtzdse6s0wohcrfnzl6ml9z,female,23,mono-Dutch,NA,NA,BE,Berlaar,ja,2,3,A1,ja 
sjtl8kwa9cgz05gwg70c1qny8foth48p,female,41,mono-Dutch,NA,NA,NL,Amsterdam,nee,NA,NA,B1,ja 
5x09dmsqrxp7oklht5p782x742efjzvz,female,75,mono-Dutch,NA,NA,BE,Beringen,ja,2,2,A1,ja 
hm22vvzeb865tqxo0x958v11ck08ynbx,female,35,mono-Dutch,NA,NA,BE,Hasselt,nee,NA,2,B1,ja 
z970u207d1kjrev76rw6p7bdus4whru1,male,33,bi-Dutch,Engels,NA,NL,Haarlem,nee,NA,NA,B1,ja 
2ufpcea3dt542ab6m1t9z9bx659g83a5,female,23,mono-Dutch,NA,NA,NL,Best,ja,3,NA,A2,ja 
t7t7mz1hh903hjrl84jctntl5eppm198,female,37,mono-Dutch,NA,NA,BE,Antwerpen,ja,2,3,A1,ja 
wx3ymonzmclguvxgyq6h4q32lm4bp5o9,female,41,mono-Dutch,NA,NA,NL,Sint Anthonis,ja,0,NA,B2,ja 
rrafruojtju98ae7zw78w6zdzwbzqrtd,female,62,mono-Dutch,NA,NA,NL,Roermond,ja,2,NA,C2,ja 
67khkqdmkmleo1b8j9dnat5quha6t9yl,female,70,bi-Dutch,duits,NA,NL,Venlo,ja,3,NA,C2,nee 
ovakajsvvoc6vacv4z7ucnyz4qp6sfuv,female,33,mono-Dutch,NA,NA,NL,Sint Anthonis,ja,1,NA,B1,ja 
chvw609ncs4mol112bztyjsrk4mgdmk2,female,24,mono-Dutch,NA,NA,NL,Maastricht,nee,NA,NA,B1,ja 
naeas9135mvk3qto4b3xwjqffssgd2tw,female,36,mono-Dutch,NA,NA,BE,Gent,nee,NA,3,C2,ja 
u4bxfaxkz7agju2aonvltra2fmnhn4q4,male,53,mono-Dutch,NA,NA,NL,Renkum,nee,NA,NA,C1,ja 
s79ef4cgexrg8g6wgle02924glsn0hzz,male,52,mono-Dutch,NA,NA,NL,Roerdalen,ja,3,NA,C2,ja 
ox9bw7v18a0h2pb7ww4keklbrkyl8p48,female,45,mono-Dutch,NA,NA,NL,Montfoort,nee,NA,NA,B1,ja 
1apy5j7jkyy3m1glmynojbjynbomez0l,male,41,mono-Dutch,NA,NA,NL,Boxmeer,nee,NA,NA,B1,ja 
zbyy5kokbnjh45dzkkylwza5bc467gtv,female,24,bi-Dutch,Frans,NA,BE,Itterbeek,nee,NA,4,B2,ja 
hrzbm2hxn5yh07gnmrua8pcukukhwysf,male,66,mono-Dutch,NA,NA,NL,Schiedam,nee,NA,NA,C2,ja 
nkz2f03kmvbqlqrp8va4d1dnb1p3x3lf,female,26,mono-Dutch,NA,NA,BE,Ieper,ja,3,3,A1,ja 
cdfp3pjkekepv3twv8ao6cumekj9tv06,male,64,mono-Dutch,NA,NA,NL,Sint Anthonis,ja,3,NA,C1,ja 
934ql2601s6b66qbu55ug4ltqglcev3e,male,43,mono-Dutch,NA,NA,NL,Tilburg,nee,NA,NA,B1,ja 
ejt7n5dzszma4s87g0on4v6f9ln44924,female,62,mono-Dutch,NA,NA,NL,Sint Anthonis,ja,1,NA,B1,ja 
hrkswyac0yntxlvgf3s6ycbcp6r5lkh2,male,37,mono-Dutch,NA,NA,NL,Maastricht,ja,2,NA,C2,ja 
1pbl7kd67k8oh4t9ohl62kylt3tj43ye,female,32,mono-Dutch,NA,NA,NL,Hendrik-Ido-Ambacht,ja,2,NA,A2,ja 
vmdlzohao3zwfq04ft1fwmkf0frorp40,male,31,mono-Dutch,NA,NA,BE,Gent,ja,2,4,A1,ja 
vmdlzohao3zwfq04ft1fwmkf0frorp40,male,31,mono-Dutch,NA,NA,BE,Gent,ja,2,4,A1,ja 
0hbyub76ak392shr1pn47v7yn50866sc,female,43,mono-Dutch,NA,NA,NL,Gooise Meren,nee,NA,NA,B2,ja 
ffzasczqql3g7s6g2p919j36vkdypnyn,male,76,mono-Dutch,NA,NA,NL,Ede,nee,NA,NA,A2,ja 
ss0evydeentyh50lg670gl5u7ne34zs2,female,42,mono-Dutch,NA,NA,NL,Bergen (Limburg),ja,0,NA,C2,ja 
w6dnhpwapdep80cu5713zrye8xh170ar,male,19,mono-Dutch,NA,NA,BE,Koksijde,ja,4,1,A1,ja 
m9m68k5uwloemc4fk048cf3nukmzsnb4,female,25,mono-Dutch,NA,NA,NL,Eindhoven,nee,NA,NA,B1,ja 
11jvo751da2kb225zwxpkc4z9dk88dkk,female,31,mono-Dutch,NA,NA,NL,Purmerend,ja,4,NA,A1,ja 
m132d8rj1st4jgqqttep9xwdaefjo3bn,female,25,mono-Dutch,NA,NA,NL,Leeuwarden,nee,NA,NA,A1,ja 
lrdtq0ch2m1trfnz43nc03jvv78rmno9,female,65,mono-Dutch,NA,NA,NL,Maastricht,ja,2,NA,B2,ja 
1pj5pz0u0hbmh0o671rpo3s6s6qy4dw4,male,20,mono-Dutch,NA,NA,NL,Eindhoven,nee,NA,NA,B2,ja 
1pj5pz0u0hbmh0o671rpo3s6s6qy4dw4,male,20,mono-Dutch,NA,NA,NL,Eindhoven,nee,NA,NA,B2,ja 
1pj5pz0u0hbmh0o671rpo3s6s6qy4dw4,male,20,mono-Dutch,NA,NA,NL,Eindhoven,nee,NA,NA,B2,ja 
1pj5pz0u0hbmh0o671rpo3s6s6qy4dw4,male,20,mono-Dutch,NA,NA,NL,Eindhoven,nee,NA,NA,B2,ja 
17c7ybec3hm99253p2u4p8bnhvzoq9q8,male,21,mono-Dutch,NA,NA,NL,Valkenburg aan de Geul,ja,3,NA,B2,ja 
kmlzn2dldt8va4b6m0gy0tqlo9xbglkz,male,19,mono-Dutch,NA,NA,NL,Tilburg,nee,NA,NA,B1,ja 
mpesq04rjo7hmg7n1scxymm5nuw4g75z,male,55,other,NA,Fries,NL,Smallingerland,nee,NA,NA,B1,ja 
80eyvszshgur0jet0b0ww8g92rpo4wjv,female,58,mono-Dutch,NA,NA,NL,NA,nee,NA,NA,B2,ja 
hp9qsv4vhatlnxal7qw7ygwyxwz2h5kq,female,47,mono-Dutch,NA,NA,NL,Hoogeveen,nee,NA,NA,C1,ja 
eu926uyzj4x8fbdxb424c10adoydpck2,male,47,other,NA,Frans,BE,Ottenburg,ja,1,2,B1,ja 
co96yh2556c829209vt20qrmw5kdb6dz,male,54,mono-Dutch,NA,NA,BE,Genk,nee,NA,1,B2,ja 
vwr6l333gjjpo073dve9jcpv9fuehfbg,male,48,mono-Dutch,NA,NA,BE,Schelle,ja,3,2,A2,ja 
v9du0fk00jn56enjdw46lfq5gdvcf1ne,female,27,mono-Dutch,NA,NA,BE,Sint-Niklaas,nee,NA,4,A1,ja 
